Format Version,1.25,Take Name,Skeleton 001_ROM_006,Take Notes,,Capture Frame Rate,120.000000,Export Frame Rate,120.000000,Capture Start Time,2026-08-13 12.07.23.737 PM,Capture Start Frame,145117,Total Frames in Take,250,Total Exported Frames,250,Rotation Type,Quaternion,Length Units,Millimeters,Coordinate Space,Global

,Type,Rigid Body,Rigid Body,Rigid Body,Rigid Body,Rigid Body,Rigid Body,Rigid Body,Rigid Body Marker,Rigid Body Marker,Rigid Body Marker,Rigid Body Marker,Rigid Body Marker,Rigid Body Marker,Rigid Body Marker,Rigid Body Marker,Rigid Body Marker,Rigid Body Marker,Rigid Body Marker,Rigid Body Marker,Rigid Body Marker,Rigid Body Marker,Rigid Body Marker,Marker,Marker,Marker,Marker,Marker,Marker,Marker,Marker,Marker,Marker,Marker,Marker,Marker,Marker,Marker
,Name,tracker,tracker,tracker,tracker,tracker,tracker,tracker,tracker:Marker 001,tracker:Marker 001,tracker:Marker 001,tracker:Marker 002,tracker:Marker 002,tracker:Marker 002,tracker:Marker 003,tracker:Marker 003,tracker:Marker 003,tracker:Marker 004,tracker:Marker 004,tracker:Marker 004,tracker:Marker 005,tracker:Marker 005,tracker:Marker 005,tracker:Marker 001,tracker:Marker 001,tracker:Marker 001,tracker:Marker 002,tracker:Marker 002,tracker:Marker 002,tracker:Marker 003,tracker:Marker 003,tracker:Marker 003,tracker:Marker 004,tracker:Marker 004,tracker:Marker 004,tracker:Marker 005,tracker:Marker 005,tracker:Marker 005
,ID,4AFFE38896ED11F1ABE2E0AD00C476B3,4AFFE38896ED11F1ABE2E0AD00C476B3,4AFFE38896ED11F1ABE2E0AD00C476B3,4AFFE38896ED11F1ABE2E0AD00C476B3,4AFFE38896ED11F1ABE2E0AD00C476B3,4AFFE38896ED11F1ABE2E0AD00C476B3,4AFFE38896ED11F1ABE2E0AD00C476B3,"4AFFE38896ED11F1:ABE2E0AD00C476B3","4AFFE38896ED11F1:ABE2E0AD00C476B3","4AFFE38896ED11F1:ABE2E0AD00C476B3","4AFFE38896ED11F1:ABE2E0AD00C476B3","4AFFE38896ED11F1:ABE2E0AD00C476B3","4AFFE38896ED11F1:ABE2E0AD00C476B3","4AFFE38896ED11F1:ABE2E0AD00C476B3","4AFFE38896ED11F1:ABE2E0AD00C476B3","4AFFE38896ED11F1:ABE2E0AD00C476B3","4AFFE38896ED11F1:ABE2E0AD00C476B3","4AFFE38896ED11F1:ABE2E0AD00C476B3","4AFFE38896ED11F1:ABE2E0AD00C476B3","4AFFE38896ED11F1:ABE2E0AD00C476B3","4AFFE38896ED11F1:ABE2E0AD00C476B3","4AFFE38896ED11F1:ABE2E0AD00C476B3","FDD479DB96ED11F1:ABE2E0AD00C476B3","FDD479DB96ED11F1:ABE2E0AD00C476B3","FDD479DB96ED11F1:ABE2E0AD00C476B3","FDD479DC96ED11F1:ABE2E0AD00C476B3","FDD479DC96ED11F1:ABE2E0AD00C476B3","FDD479DC96ED11F1:ABE2E0AD00C476B3","FDD479DD96ED11F1:ABE2E0AD00C476B3","FDD479DD96ED11F1:ABE2E0AD00C476B3","FDD479DD96ED11F1:ABE2E0AD00C476B3","FDD479DE96ED11F1:ABE2E0AD00C476B3","FDD479DE96ED11F1:ABE2E0AD00C476B3","FDD479DE96ED11F1:ABE2E0AD00C476B3","FDD479DF96ED11F1:ABE2E0AD00C476B3","FDD479DF96ED11F1:ABE2E0AD00C476B3","FDD479DF96ED11F1:ABE2E0AD00C476B3"
,Parent,,,,,,,,tracker,tracker,tracker,tracker,tracker,tracker,tracker,tracker,tracker,tracker,tracker,tracker,tracker,tracker,tracker,,,,,,,,,,,,,,,
,,Rotation,Rotation,Rotation,Rotation,Position,Position,Position,Position,Position,Position,Position,Position,Position,Position,Position,Position,Position,Position,Position,Position,Position,Position,Position,Position,Position,Position,Position,Position,Position,Position,Position,Position,Position,Position,Position,Position,Position
Frame,Time (Seconds),X,Y,Z,W,X,Y,Z,X,Y,Z,X,Y,Z,X,Y,Z,X,Y,Z,X,Y,Z,X,Y,Z,X,Y,Z,X,Y,Z,X,Y,Z,X,Y,Z
0,0.000000,-0.000036,0.000336,0.001948,0.999998,2553.002686,774.254456,2910.319824,2595.326172,786.540222,2793.756592,2520.070557,744.363464,2898.543701,2527.034180,779.722595,3033.399902,2492.211670,777.832336,3153.706543,2630.370117,782.813660,2672.192139,2595.493652,786.118774,2793.659668,2520.055664,744.322815,2898.469482,2527.065430,779.667603,3033.326904,2492.207764,777.989136,3153.682373,2630.165283,783.206421,2672.549805
1,0.008333,-0.000213,0.000280,0.001928,0.999998,2553.049805,774.183594,2910.276855,2595.386963,786.426392,2793.714111,2520.117920,744.289734,2898.507568,2527.067871,779.696350,3033.352051,2492.231445,777.850098,3153.655518,2630.444580,782.655334,2672.154785,2595.503662,786.155945,2793.635498,2520.110352,744.258301,2898.430176,2527.075195,779.638977,3033.307617,2492.229980,777.976440,3153.680420,2630.324707,782.895996,2672.359863
2,0.016667,-0.000594,0.000136,0.001939,0.999998,2553.104248,774.060974,2910.242676,2595.474854,786.215820,2793.682861,2520.176514,744.157471,2898.486572,2527.086426,779.666931,3033.306152,2492.215332,777.911682,3153.600830,2630.567627,782.352966,2672.136719,2595.493652,786.063416,2793.611816,2520.112061,744.091064,2898.418213,2527.104736,779.578857,3033.271240,2492.231201,778.058044,3153.694092,2630.582275,782.525818,2672.226074
3,0.025000,-0.000470,0.000119,0.002187,0.999997,2553.101562,774.149719,2910.248535,2595.469971,786.354553,2793.693115,2520.188965,744.232788,2898.483887,2527.076904,779.712280,3033.312500,2492.202637,777.909668,3153.605469,2630.568604,782.539368,2672.147217,2595.503174,786.173218,2793.623535,2520.170654,744.189819,2898.362793,2527.096436,779.615662,3033.272461,2492.209473,778.060730,3153.681396,2630.525391,782.725220,2672.319580
4,0.033333,-0.000420,0.000317,0.002934,0.999996,2553.044678,774.217896,2910.266846,2595.348877,786.497620,2793.695801,2520.172363,744.253052,2898.512451,2527.060791,779.729309,3033.341553,2492.236816,777.862732,3153.648438,2630.405029,782.746826,2672.135742,2595.481689,786.203918,2793.638428,2520.111572,744.169250,2898.404785,2527.069580,779.704102,3033.262939,2492.276611,777.994812,3153.644531,2630.272217,783.044495,2672.448975
5,0.041667,-0.000237,0.000371,0.002748,0.999996,2553.036621,774.284973,2910.280762,2595.332520,786.591492,2793.709473,2520.151855,744.336609,2898.518799,2527.067871,779.761108,3033.360596,2492.256592,777.863647,3153.670166,2630.374268,782.872070,2672.144287,2595.494629,786.124573,2793.654297,2520.143799,744.287842,2898.385986,2527.079102,779.727966,3033.284424,2492.276367,778.018311,3153.650391,2630.152832,783.309509,2672.553711
6,0.050000,-0.000009,0.000349,0.002024,0.999998,2553.019287,774.348572,2910.302734,2595.338135,786.647095,2793.738770,2520.091553,744.453186,2898.525635,2527.053223,779.806091,3033.383545,2492.233643,777.903992,3153.691162,2630.379395,782.932495,2672.173584,2595.490967,786.117981,2793.655273,2520.094971,744.420715,2898.416016,2527.094482,779.732056,3033.288574,2492.221436,778.093506,3153.693604,2630.155029,783.420532,2672.580078
7,0.058333,-0.000031,0.000339,0.001606,0.999999,2553.039307,774.229675,2910.297607,2595.370850,786.487610,2793.734131,2520.086670,744.361389,2898.521240,2527.075195,779.714478,3033.377930,2492.251953,777.846802,3153.684570,2630.411621,782.738342,2672.169678,2595.500977,786.159973,2793.687012,2520.054443,744.315247,2898.473389,2527.085205,779.638855,3033.295410,2492.274902,778.006104,3153.650879,2630.272949,783.053406,2672.435059
8,0.066667,-0.000144,0.000235,0.001635,0.999999,2553.039307,774.233337,2910.307617,2595.394043,786.467285,2793.750244,2520.091064,744.360535,2898.531250,2527.049561,779.744446,3033.381104,2492.201172,777.902039,3153.681396,2630.460449,782.692505,2672.193848,2595.512451,786.130432,2793.670166,2520.078369,744.322205,2898.442627,2527.069824,779.647400,3033.305176,2492.200928,778.079529,3153.711670,2630.324951,783.009766,2672.458252
9,0.075000,-0.000062,0.000263,0.001770,0.999998,2553.049072,774.234375,2910.299072,2595.394043,786.498840,2793.741211,2520.108154,744.354553,2898.519531,2527.064697,779.718262,3033.375000,2492.223633,777.846741,3153.676758,2630.454590,782.753479,2672.182373,2595.537354,786.179932,2793.667725,2520.088623,744.307556,2898.429199,2527.108887,779.614319,3033.273438,2492.212891,778.029663,3153.690674,2630.275635,783.078613,2672.504150
10,0.083333,-0.000063,0.000315,0.002027,0.999998,2553.048828,774.244019,2910.300781,2595.375488,786.530090,2793.738525,2520.122070,744.347229,2898.524658,2527.074219,779.714844,3033.379395,2492.246826,777.825623,3153.684570,2630.425293,782.802490,2672.175781,2595.531982,786.117126,2793.651855,2520.116943,744.312866,2898.441650,2527.102051,779.658752,3033.299561,2492.243896,777.979126,3153.667969,2630.223389,783.182068,2672.532715
11,0.091667,-0.000527,0.000211,0.002632,0.999996,2553.034424,774.198486,2910.314941,2595.370605,786.427673,2793.750244,2520.146240,744.250916,2898.560059,2527.027344,779.751953,3033.383057,2492.177002,777.932190,3153.682617,2630.450195,782.629700,2672.198486,2595.517578,786.063721,2793.667480,2520.102295,744.184448,2898.471191,2527.063721,779.717834,3033.335693,2492.165283,778.075378,3153.718750,2630.322510,782.955017,2672.416504
12,0.100000,-0.000365,0.000269,0.002325,0.999997,2553.076660,774.223633,2910.304688,2595.406738,786.464722,2793.739014,2520.168701,744.300049,2898.543945,2527.087646,779.753113,3033.377686,2492.250000,777.915649,3153.680908,2630.469971,782.684692,2672.182129,2595.523438,786.080322,2793.661377,2520.154053,744.253235,2898.422852,2527.109131,779.714294,3033.335938,2492.252686,778.058899,3153.700195,2630.332764,783.022400,2672.457520
13,0.108333,-0.000178,0.000252,0.001273,0.999999,2553.086670,774.200500,2910.291260,2595.446533,786.395813,2793.731445,2520.116211,744.350647,2898.517822,2527.104736,779.738892,3033.365234,2492.259277,777.929932,3153.666504,2630.506348,782.587219,2672.174316,2595.545410,786.104614,2793.667236,2520.117920,744.327026,2898.432617,2527.116211,779.703491,3033.318115,2492.253174,778.038513,3153.701416,2630.396484,782.827148,2672.362793
14,0.116667,-0.000124,0.000290,0.000577,1.000000,2553.045654,774.145569,2910.268555,2595.413574,786.294434,2793.706787,2520.032959,744.342896,2898.494629,2527.081299,779.706787,3033.345215,2492.242432,777.933350,3153.648926,2630.458252,782.450256,2672.146484,2595.438965,785.544006,2793.508545,2520.091309,744.378845,2898.438232,2527.093506,779.677063,3033.289551,2492.223389,778.070496,3153.691406,2630.354736,782.961853,2672.447754
15,0.125000,0.000091,0.000353,0.000887,1.000000,2553.039551,774.194336,2910.291260,2595.385010,786.419678,2793.729492,2520.043945,744.376282,2898.508545,2527.087158,779.686584,3033.373535,2492.264404,777.839783,3153.680908,2630.416992,782.649536,2672.163086,2595.467041,785.764221,2793.647949,2520.084961,744.391174,2898.454346,2527.117676,779.634277,3033.260498,2492.252197,777.997681,3153.668457,2630.239258,783.163879,2672.524902
16,0.133333,0.000115,0.000357,0.001626,0.999999,2553.038574,774.296814,2910.308594,2595.364990,786.590332,2793.747070,2520.086670,744.430603,2898.524658,2527.078857,779.744690,3033.391357,2492.260254,777.840698,3153.698975,2630.401611,782.877808,2672.180176,2595.529297,786.117004,2793.666016,2520.095703,744.409729,2898.455078,2527.092041,779.654358,3033.280029,2492.263184,778.024963,3153.686035,2630.180908,783.314880,2672.560059
17,0.141667,0.000072,0.000328,0.001996,0.999998,2553.035400,774.336975,2910.297607,2595.359863,786.651855,2793.737549,2520.106445,744.445435,2898.514404,2527.064453,779.776245,3033.378418,2492.240234,777.856689,3153.684082,2630.406250,782.954895,2672.173096,2595.542236,786.285217,2793.675781,2520.088867,744.399902,2898.441406,2527.117188,779.650024,3033.256592,2492.225098,778.065247,3153.658691,2630.165283,783.345032,2672.558350
18,0.150000,-0.000230,0.000327,0.002239,0.999997,2553.067383,774.235657,2910.283203,2595.386230,786.500671,2793.715820,2520.153076,744.320984,2898.517822,2527.093506,779.736633,3033.360596,2492.269531,777.872925,3153.667236,2630.434814,782.747253,2672.153809,2595.548584,786.251038,2793.658447,2520.094482,744.242188,2898.438232,2527.120605,779.661438,3033.271240,2492.278076,778.032898,3153.684082,2630.288818,783.015564,2672.405762
19,0.158333,-0.000321,0.000154,0.001273,0.999999,2553.126221,774.159485,2910.249268,2595.509033,786.321533,2793.694336,2520.158203,744.306335,2898.478027,2527.120605,779.732971,3033.316650,2492.251465,777.958374,3153.611572,2630.592285,782.478333,2672.145020,2595.553223,786.178711,2793.648193,2520.145508,744.273865,2898.385254,2527.126465,779.699097,3033.293701,2492.250977,778.041870,3153.684326,2630.555176,782.606201,2672.238770
20,0.166667,-0.000541,0.000173,0.002292,0.999997,2553.116455,774.143921,2910.262451,2595.469971,786.341187,2793.700439,2520.208984,744.218384,2898.505371,2527.104248,779.718384,3033.328369,2492.243408,777.925537,3153.625244,2630.556396,782.516174,2672.151611,2595.534912,786.098328,2793.640381,2520.147949,744.140930,2898.399658,2527.124756,779.722412,3033.281494,2492.266602,778.019592,3153.666504,2630.505615,782.741211,2672.344727
21,0.175000,-0.000326,0.000228,0.002397,0.999997,2553.081055,774.241089,2910.273926,2595.418945,786.497314,2793.712646,2520.178467,744.313721,2898.508057,2527.081055,779.757263,3033.345215,2492.233887,777.905457,3153.645508,2630.492432,782.731812,2672.158203,2595.561523,786.118347,2793.675293,2520.168945,744.253967,2898.328125,2527.096680,779.723938,3033.291748,2492.243652,778.053040,3153.669434,2630.312256,783.077393,2672.477539
22,0.183333,-0.000119,0.000318,0.002268,0.999997,2553.056396,774.288452,2910.304688,2595.376465,786.581909,2793.740967,2520.144043,744.374451,2898.532471,2527.080078,779.760498,3033.382812,2492.253906,777.867859,3153.688721,2630.427246,782.857727,2672.178467,2595.554688,786.160522,2793.677002,2520.137695,744.324646,2898.399658,2527.146240,779.630005,3033.252441,2492.221436,778.098755,3153.729248,2630.175537,783.301208,2672.584473
23,0.191667,0.000080,0.000387,0.001879,0.999998,2553.042480,774.273743,2910.308350,2595.355713,786.580566,2793.743652,2520.105225,744.390076,2898.528564,2527.087402,779.717041,3033.392334,2492.276855,777.803772,3153.701904,2630.386719,782.877319,2672.174805,2595.532959,786.112732,2793.661865,2520.103271,744.360535,2898.459961,2527.109863,779.584961,3033.262695,2492.278564,778.026611,3153.689209,2630.150635,783.343323,2672.582764
24,0.200000,0.000170,0.000374,0.001462,0.999999,2553.025146,774.252502,2910.314209,2595.351807,786.544983,2793.752686,2520.063232,744.398438,2898.528320,2527.071777,779.695312,3033.398682,2492.256348,777.789490,3153.707031,2630.382812,782.834290,2672.184326,2595.508301,786.062927,2793.638672,2520.073242,744.377991,2898.449463,2527.121094,779.539734,3033.259766,2492.229492,778.030273,3153.736816,2630.153564,783.310059,2672.595947
25,0.208333,-0.000292,0.000357,0.002684,0.999996,2553.028809,774.224731,2910.308594,2595.329590,786.513123,2793.737061,2520.140381,744.279358,2898.549072,2527.057373,779.717712,3033.386963,2492.242676,777.837708,3153.696045,2630.374023,782.776001,2672.173340,2595.514404,786.012024,2793.627686,2520.089355,744.198364,2898.435059,2527.111328,779.605835,3033.279053,2492.235840,778.085144,3153.734863,2630.169922,783.294373,2672.577881
26,0.216667,-0.000601,0.000280,0.003022,0.999995,2553.074219,774.150757,2910.272949,2595.384521,786.395691,2793.700439,2520.207764,744.175781,2898.526611,2527.079834,779.702148,3033.343750,2492.247314,777.872986,3153.648438,2630.450439,782.607117,2672.144531,2595.537354,786.035522,2793.640137,2520.148438,744.085632,2898.390869,2527.087158,779.647522,3033.274170,2492.269775,778.050110,3153.713379,2630.326172,782.955078,2672.390625
27,0.225000,-0.000425,0.000254,0.002296,0.999997,2553.082520,774.183777,2910.290039,2595.416748,786.408386,2793.724121,2520.173340,744.260742,2898.531738,2527.089844,779.729492,3033.361328,2492.248535,777.908447,3153.663574,2630.483643,782.611816,2672.168457,2595.520264,786.039368,2793.667480,2520.157959,744.205933,2898.372070,2527.116211,779.665710,3033.296875,2492.251709,778.078247,3153.721436,2630.354004,782.949341,2672.446777
28,0.233333,-0.000430,0.000279,0.002816,0.999996,2553.044678,774.221558,2910.308838,2595.360352,786.488831,2793.740723,2520.166016,744.264160,2898.552490,2527.052490,779.741638,3033.381348,2492.218994,777.885803,3153.685547,2630.425049,782.727295,2672.183594,2595.510254,786.047058,2793.669434,2520.115723,744.188049,2898.444092,2527.095947,779.674866,3033.291748,2492.221924,778.078247,3153.710205,2630.267822,783.151550,2672.504395
29,0.241667,-0.000308,0.000319,0.003105,0.999995,2553.042969,774.239014,2910.289795,2595.342041,786.559387,2793.721191,2520.180420,744.265503,2898.528564,2527.057373,779.713867,3033.365967,2492.234863,777.808289,3153.672119,2630.398926,782.848022,2672.160156,2595.534912,786.124146,2793.668457,2520.116699,744.168884,2898.397705,2527.093994,779.662964,3033.283203,2492.254883,777.997559,3153.649170,2630.180420,783.305786,2672.571777
30,0.250000,-0.000096,0.000347,0.002450,0.999997,2553.033936,774.240967,2910.289551,2595.342529,786.555054,2793.723877,2520.131592,744.315552,2898.517578,2527.062744,779.697998,3033.369629,2492.244385,777.787415,3153.677002,2630.387451,782.848938,2672.159180,2595.516602,786.015198,2793.659668,2520.125732,744.266357,2898.378906,2527.088623,779.621521,3033.273682,2492.250732,777.993042,3153.679443,2630.142090,783.376282,2672.602539
31,0.258333,-0.000002,0.000329,0.001102,0.999999,2553.052979,774.211975,2910.297119,2595.398926,786.434021,2793.735352,2520.070557,744.377563,2898.518555,2527.092041,779.715759,3033.377197,2492.264160,777.876343,3153.683105,2630.438232,782.656433,2672.171143,2595.529541,786.051514,2793.670654,2520.082764,744.362183,2898.443604,2527.090088,779.603455,3033.276855,2492.267822,778.059753,3153.714600,2630.282959,782.995178,2672.431152
32,0.266667,-0.000240,0.000272,0.001827,0.999998,2553.064209,774.209473,2910.320557,2595.405518,786.437256,2793.757568,2520.126465,744.321716,2898.552490,2527.081299,779.734314,3033.395020,2492.242676,777.901733,3153.697998,2630.464355,782.652527,2672.199219,2595.543701,786.116577,2793.691650,2520.076904,744.254211,2898.476318,2527.102295,779.642761,3033.281006,2492.259277,778.084778,3153.730225,2630.333008,782.977722,2672.474121
33,0.275000,-0.000161,0.000267,0.002082,0.999998,2553.056641,774.234375,2910.306885,2595.393066,786.502197,2793.746582,2520.134521,744.331604,2898.533691,2527.069824,779.726501,3033.381836,2492.230957,777.857117,3153.684082,2630.455078,782.754456,2672.187744,2595.541748,786.140442,2793.697754,2520.130371,744.285767,2898.399902,2527.097168,779.634216,3033.308350,2492.228760,778.042664,3153.691162,2630.258545,783.108643,2672.517822
34,0.283333,-0.000364,0.000302,0.003109,0.999995,2553.040527,774.224304,2910.333740,2595.343506,786.531921,2793.765137,2520.178711,744.249207,2898.574707,2527.051025,779.712708,3033.408447,2492.224121,777.820435,3153.713623,2630.404785,782.807190,2672.205566,2595.553223,786.152161,2793.702637,2520.108643,744.145508,2898.447021,2527.096680,779.648743,3033.322754,2492.229736,778.013245,3153.712891,2630.186523,783.217712,2672.581055
35,0.291667,-0.000698,0.000316,0.004002,0.999992,2553.038818,774.229248,2910.316406,2595.316895,786.534485,2793.738525,2520.230469,744.187683,2898.578613,2527.042725,779.753479,3033.388184,2492.222656,777.879395,3153.695801,2630.381348,782.791138,2672.180664,2595.522705,786.062805,2793.677002,2520.146240,744.062012,2898.403320,2527.086426,779.708374,3033.319824,2492.237305,778.086487,3153.713867,2630.172119,783.288635,2672.578857
36,0.300000,-0.000656,0.000208,0.003094,0.999995,2553.067627,774.241699,2910.265137,2595.393311,786.479919,2793.697510,2520.207520,744.260742,2898.517578,2527.054688,779.802917,3033.331543,2492.205078,777.982056,3153.631592,2630.477539,782.682983,2672.146973,2595.533447,786.124634,2793.673340,2520.195312,744.194214,2898.313232,2527.056396,779.786255,3033.302490,2492.220459,778.115112,3153.673584,2630.323486,782.990967,2672.403809
37,0.308333,-0.000318,0.000259,0.001938,0.999998,2553.085449,774.244995,2910.270020,2595.427490,786.464294,2793.706299,2520.154785,744.348022,2898.505371,2527.098145,779.783081,3033.342773,2492.256836,777.961243,3153.645264,2630.489990,782.668579,2672.149414,2595.521484,786.066467,2793.662598,2520.172119,744.326355,2898.369385,2527.070312,779.790771,3033.296387,2492.295898,778.055359,3153.643066,2630.356201,782.978699,2672.437012
38,0.316667,-0.000169,0.000263,0.001823,0.999998,2553.053467,774.216980,2910.285889,2595.397217,786.460938,2793.725586,2520.115723,744.331055,2898.512939,2527.068359,779.724548,3033.360840,2492.227295,777.875122,3153.662598,2630.458008,782.693237,2672.167236,2595.529785,785.970215,2793.648682,2520.081787,744.274841,2898.422607,2527.104004,779.670837,3033.283691,2492.234131,778.052673,3153.660645,2630.304688,783.136658,2672.494873
39,0.325000,-0.000015,0.000265,0.000902,1.000000,2553.089600,774.179016,2910.258057,2595.455322,786.380920,2793.701172,2520.096680,744.357544,2898.475830,2527.114990,779.696533,3033.334717,2492.271484,777.874268,3153.636230,2630.508789,782.586060,2672.141846,2595.558838,785.967529,2793.638916,2520.126221,744.358948,2898.404785,2527.102783,779.656616,3033.261475,2492.275879,777.993469,3153.661621,2630.376953,782.900818,2672.363281
40,0.333333,0.000093,0.000257,0.000493,1.000000,2553.067627,774.227966,2910.285889,2595.445312,786.420532,2793.732422,2520.050781,744.436035,2898.496826,2527.095703,779.740051,3033.363281,2492.248535,777.920105,3153.663818,2630.497803,782.623291,2672.172852,2595.571045,785.989929,2793.630859,2520.076660,744.435669,2898.434082,2527.054932,779.679810,3033.274658,2492.273926,778.058838,3153.696045,2630.354492,782.967712,2672.442627
41,0.341667,0.000119,0.000299,0.000529,1.000000,2553.047607,774.262634,2910.294189,2595.414551,786.464111,2793.737793,2520.031982,744.468872,2898.506348,2527.085693,779.766479,3033.374023,2492.249023,777.937988,3153.677734,2630.456787,782.675598,2672.175049,2595.563232,785.890320,2793.622559,2520.044189,744.457458,2898.452637,2527.083740,779.726929,3033.278320,2492.257080,778.086609,3153.682129,2630.274902,783.141357,2672.515137
42,0.350000,0.000185,0.000304,0.000939,1.000000,2553.047852,774.263672,2910.305664,2595.403564,786.515381,2793.750488,2520.056396,744.444458,2898.514160,2527.082764,779.730042,3033.386475,2492.248535,777.856995,3153.690186,2630.447754,782.771729,2672.186768,2595.565918,785.987366,2793.647461,2520.067871,744.428406,2898.452148,2527.104736,779.697021,3033.305176,2492.239746,777.997253,3153.670654,2630.233154,783.216980,2672.549316
43,0.358333,0.000159,0.000349,0.001251,0.999999,2553.046875,774.250000,2910.303955,2595.384521,786.522095,2793.744385,2520.072998,744.409607,2898.517090,2527.089600,779.706482,3033.386963,2492.267334,777.817993,3153.693604,2630.419922,782.794067,2672.177490,2595.555420,786.031006,2793.635986,2520.069092,744.380310,2898.451416,2527.093750,779.656677,3033.290771,2492.281006,777.974487,3153.678467,2630.208984,783.238037,2672.569092
44,0.366667,0.000094,0.000322,0.001738,0.999998,2553.049805,774.246277,2910.310059,2595.381836,786.544373,2793.750977,2520.105713,744.372192,2898.525146,2527.080322,779.693481,3033.390869,2492.253662,777.786743,3153.696045,2630.427246,782.834656,2672.186523,2595.557129,786.090027,2793.657227,2520.100586,744.340942,2898.461670,2527.094482,779.620056,3033.280762,2492.262451,777.958496,3153.672363,2630.200684,783.268433,2672.591309
45,0.375000,-0.000080,0.000271,0.001284,0.999999,2553.061035,774.197998,2910.282227,2595.416016,786.417175,2793.723145,2520.090820,744.349731,2898.504150,2527.083984,779.711548,3033.358398,2492.243164,777.878174,3153.660645,2630.470947,782.633423,2672.163818,2595.521240,785.998596,2793.642334,2520.127441,744.356689,2898.433838,2527.085693,779.643738,3033.278809,2492.234131,778.018799,3153.687988,2630.323242,782.964233,2672.413574
46,0.383333,-0.000429,0.000265,0.002386,0.999997,2553.057861,774.177734,2910.306641,2595.387451,786.408752,2793.739746,2520.153809,744.248718,2898.549316,2527.067139,779.720032,3033.378662,2492.228760,777.893982,3153.681641,2630.452148,782.617249,2672.183594,2595.487793,785.940796,2793.644287,2520.115723,744.190613,2898.455566,2527.086670,779.693420,3033.301270,2492.246826,778.045166,3153.718994,2630.349609,783.020386,2672.470703
47,0.391667,-0.000383,0.000309,0.002685,0.999996,2553.055176,774.199341,2910.308105,2595.367188,786.466492,2793.738525,2520.167969,744.251709,2898.551025,2527.072021,779.714783,3033.382812,2492.245361,777.856689,3153.688965,2630.423340,782.707214,2672.178711,2595.506592,785.940063,2793.645020,2520.166260,744.206421,2898.399170,2527.086426,779.635132,3033.323242,2492.251465,778.063538,3153.726807,2630.241211,783.189880,2672.541992
48,0.400000,-0.000216,0.000306,0.002648,0.999996,2553.033447,774.260193,2910.322266,2595.346680,786.563171,2793.757080,2520.144043,744.318848,2898.554688,2527.049805,779.736328,3033.398682,2492.222656,777.840698,3153.703857,2630.403320,782.841858,2672.196045,2595.510498,786.057739,2793.665527,2520.150879,744.286987,2898.440674,2527.070801,779.659851,3033.320557,2492.218262,778.029114,3153.711670,2630.183594,783.305481,2672.578125
49,0.408333,0.000002,0.000321,0.002193,0.999998,2553.019775,774.299072,2910.337646,2595.340820,786.614258,2793.776611,2520.102783,744.392883,2898.558350,2527.044922,779.745361,3033.417480,2492.219727,777.829041,3153.722656,2630.390137,782.914001,2672.213135,2595.535645,786.163452,2793.684814,2520.092041,744.351685,2898.475098,2527.068359,779.641724,3033.319824,2492.217285,778.033325,3153.714844,2630.154785,783.355225,2672.598145
50,0.416667,0.000169,0.000347,0.001351,0.999999,2553.008301,774.296265,2910.348877,2595.343994,786.579102,2793.789551,2520.040527,744.449463,2898.561279,2527.049316,779.745178,3033.431885,2492.226807,777.847290,3153.738281,2630.380615,782.860474,2672.223145,2595.503174,786.102539,2793.698730,2520.046875,744.430542,2898.501709,2527.087891,779.639343,3033.327393,2492.211182,778.043152,3153.716064,2630.157959,783.304810,2672.599854
51,0.425000,0.000343,0.000370,0.000759,1.000000,2553.023682,774.320068,2910.344238,2595.368164,786.593323,2793.787109,2520.019775,744.516418,2898.547607,2527.076660,779.756836,3033.430176,2492.258057,777.858337,3153.737793,2630.395020,782.875488,2672.217529,2595.533691,786.134583,2793.692383,2520.030273,744.505188,2898.508301,2527.076416,779.686768,3033.336914,2492.268311,778.015198,3153.696533,2630.181396,783.285278,2672.579346
52,0.433333,0.000385,0.000352,0.000303,1.000000,2553.011719,774.324951,2910.342041,2595.371826,786.569397,2793.787598,2519.981201,744.552429,2898.541992,2527.065430,779.775024,3033.427490,2492.240723,777.898132,3153.733643,2630.399170,782.829895,2672.218750,2595.526367,786.056030,2793.665283,2519.989014,744.546814,2898.531006,2527.082764,779.729126,3033.329102,2492.235840,778.036377,3153.696045,2630.200928,783.262878,2672.568115
53,0.441667,0.000537,0.000386,-0.000214,1.000000,2553.015625,774.290283,2910.332031,2595.380615,786.526123,2793.778320,2519.953369,744.555481,2898.524902,2527.083496,779.729919,3033.421143,2492.264893,777.852661,3153.729004,2630.395996,782.787170,2672.206055,2595.533691,785.950989,2793.638916,2519.961670,744.553894,2898.530029,2527.103271,779.688721,3033.309570,2492.257812,777.991699,3153.694092,2630.199463,783.263794,2672.565430
54,0.450000,0.000390,0.000344,0.000219,1.000000,2553.018311,774.290710,2910.338867,2595.382324,786.528931,2793.785156,2519.982910,744.523804,2898.537842,2527.071045,779.744141,3033.424072,2492.243896,777.872192,3153.729736,2630.411133,782.784424,2672.217041,2595.542725,785.968140,2793.669922,2520.008057,744.528870,2898.519531,2527.071777,779.696411,3033.319092,2492.244141,778.013855,3153.697021,2630.196289,783.247620,2672.578369
55,0.458333,0.000277,0.000359,0.000768,1.000000,2553.027344,774.261597,2910.315186,2595.374268,786.520325,2793.757568,2520.024414,744.455811,2898.521973,2527.077637,779.714111,3033.400146,2492.256104,777.830750,3153.707031,2630.403809,782.787109,2672.189209,2595.531738,786.001709,2793.643555,2520.037354,744.448547,2898.492188,2527.094727,779.653198,3033.310303,2492.250977,777.986511,3153.670898,2630.194336,783.235046,2672.550049
56,0.466667,0.000101,0.000280,0.000631,1.000000,2553.055176,774.200195,2910.275391,2595.424072,786.406250,2793.720215,2520.045898,744.399292,2898.487305,2527.087402,779.703064,3033.354004,2492.246338,777.871643,3153.656250,2630.471924,782.620728,2672.158691,2595.538086,785.983276,2793.614014,2520.078369,744.409546,2898.446289,2527.065430,779.670471,3033.299316,2492.251709,777.978271,3153.662842,2630.337158,782.934631,2672.385742
57,0.475000,0.000028,0.000368,0.000581,1.000000,2553.044678,774.125366,2910.266357,2595.394287,786.310059,2793.701904,2520.030518,744.325989,2898.488525,2527.099121,779.648926,3033.348877,2492.279053,777.838562,3153.657471,2630.420410,782.503174,2672.134766,2595.402344,785.562683,2793.476807,2520.092773,744.373291,2898.463135,2527.102051,779.597412,3033.295166,2492.270264,777.985046,3153.672363,2630.327393,783.016907,2672.451904
58,0.483333,0.000113,0.000353,0.000973,1.000000,2553.043457,774.205688,2910.281494,2595.386963,786.443542,2793.720215,2520.052734,744.382507,2898.497559,2527.089844,779.687866,3033.364014,2492.267578,777.829773,3153.671387,2630.419434,782.684814,2672.153809,2595.474121,785.790771,2793.655029,2520.094482,744.394714,2898.432617,2527.110840,779.618408,3033.262939,2492.264160,778.006287,3153.643555,2630.233398,783.213928,2672.522949
59,0.491667,0.000130,0.000338,0.001380,0.999999,2553.030518,774.267517,2910.289795,2595.367432,786.543640,2793.730225,2520.064697,744.417847,2898.503662,2527.068848,779.724548,3033.371582,2492.244385,777.834045,3153.677979,2630.406738,782.817505,2672.164795,2595.513672,785.968140,2793.669922,2520.091064,744.411499,2898.432129,2527.090088,779.659424,3033.254395,2492.243652,778.006104,3153.643799,2630.166260,783.326538,2672.583496
60,0.500000,-0.000150,0.000302,0.001706,0.999999,2553.033203,774.196106,2910.300293,2595.370850,786.434631,2793.736816,2520.087402,744.318359,2898.528564,2527.058838,779.705078,3033.377197,2492.227051,777.859192,3153.681885,2630.421143,782.663269,2672.175781,2595.517578,785.951904,2793.665283,2520.050049,744.265564,2898.472412,2527.084961,779.675842,3033.290771,2492.232910,778.008667,3153.684814,2630.278564,783.077393,2672.447266
61,0.508333,-0.000603,0.000239,0.003333,0.999994,2553.048828,774.175232,2910.306885,2595.361328,786.446228,2793.737793,2520.202148,744.179871,2898.558105,2527.041260,779.710754,3033.375732,2492.199951,777.860229,3153.677490,2630.439453,782.679138,2672.184814,2595.515869,786.003723,2793.657959,2520.133545,744.080811,2898.422119,2527.091797,779.669006,3033.319092,2492.198975,778.044556,3153.712158,2630.293457,783.104553,2672.488037
62,0.516667,-0.000485,0.000290,0.003175,0.999995,2553.055420,774.200684,2910.288818,2595.360107,786.485596,2793.718262,2520.197998,744.218445,2898.536377,2527.062012,779.715515,3033.361328,2492.232666,777.847839,3153.666504,2630.424805,782.736084,2672.160889,2595.505615,785.956055,2793.643066,2520.201660,744.174927,2898.379150,2527.088135,779.684265,3033.304688,2492.231689,778.009460,3153.678711,2630.215576,783.209534,2672.550537
63,0.525000,-0.000244,0.000366,0.001967,0.999998,2553.023193,774.163086,2910.291260,2595.339355,786.401855,2793.720215,2520.091553,744.265991,2898.529297,2527.061768,779.681458,3033.370605,2492.246094,777.839966,3153.679932,2630.376221,782.626099,2672.155273,2595.420410,785.502258,2793.542969,2520.143799,744.285583,2898.441162,2527.072021,779.658813,3033.320312,2492.241699,778.000977,3153.675781,2630.192139,783.303955,2672.588867
64,0.533333,0.000031,0.000344,0.000775,1.000000,2553.047852,774.156494,2910.288086,2595.398438,786.358337,2793.725830,2520.045654,744.344482,2898.508545,2527.094482,779.669312,3033.369385,2492.269287,777.844788,3153.676270,2630.431396,782.565735,2672.160400,2595.457764,785.701233,2793.642334,2520.107178,744.382507,2898.468994,2527.111328,779.624023,3033.270996,2492.247803,777.981934,3153.687500,2630.290283,783.024719,2672.424805
65,0.541667,0.000170,0.000298,0.000776,1.000000,2553.031250,774.220032,2910.314209,2595.392334,786.454285,2793.759033,2520.030029,744.411255,2898.523438,2527.066406,779.698669,3033.394531,2492.230225,777.840759,3153.697998,2630.436768,782.695435,2672.195801,2595.485352,785.992310,2793.658936,2520.052979,744.417603,2898.493896,2527.074707,779.634216,3033.302002,2492.229736,777.981628,3153.690674,2630.297363,783.064453,2672.479248
66,0.550000,-0.000174,0.000349,0.002402,0.999997,2553.024658,774.232727,2910.329590,2595.334229,786.524597,2793.761719,2520.119629,744.308594,2898.562500,2527.054443,779.711426,3033.408936,2492.236328,777.822937,3153.716797,2630.378662,782.796204,2672.197510,2595.495605,786.121765,2793.675537,2520.054443,744.230652,2898.507812,2527.088379,779.679016,3033.327148,2492.257324,777.975952,3153.673340,2630.211670,783.199646,2672.553955
67,0.558333,-0.000293,0.000335,0.003206,0.999995,2553.032471,774.273376,2910.338135,2595.325439,786.605591,2793.768555,2520.175781,744.293640,2898.577148,2527.049805,779.739563,3033.415283,2492.231445,777.823608,3153.722656,2630.379150,782.904663,2672.206299,2595.499756,786.106567,2793.674316,2520.166504,744.238770,2898.429688,2527.102539,779.686340,3033.349121,2492.207031,778.005859,3153.746826,2630.145752,783.379395,2672.605225
68,0.566667,-0.000101,0.000353,0.002736,0.999996,2553.018555,774.275879,2910.345215,2595.318848,786.613159,2793.778809,2520.133301,744.331543,2898.574219,2527.045898,779.719177,3033.425537,2492.230469,777.789673,3153.733643,2630.364502,782.926086,2672.213867,2595.519775,786.126953,2793.682373,2520.102783,744.269714,2898.474365,2527.095215,779.609863,3033.337646,2492.219482,778.019226,3153.723389,2630.121826,783.424255,2672.627930
69,0.575000,0.000091,0.000330,0.001934,0.999998,2553.010498,774.270264,2910.335693,2595.335693,786.584412,2793.776123,2520.077637,744.383179,2898.551758,2527.041016,779.707825,3033.416992,2492.216797,777.787964,3153.722656,2630.380859,782.887878,2672.211182,2595.519043,786.093750,2793.693115,2520.067139,744.350098,2898.499756,2527.074707,779.601318,3033.300293,2492.215088,777.994995,3153.682373,2630.137939,783.374512,2672.625488
70,0.583333,0.000106,0.000304,0.000845,1.000000,2553.030273,774.221497,2910.317871,2595.388428,786.446716,2793.760742,2520.033203,744.406555,2898.531250,2527.066162,779.712280,3033.397949,2492.231689,777.864868,3153.701660,2630.431885,782.677124,2672.197510,2595.498779,786.079102,2793.694580,2520.037109,744.400024,2898.517578,2527.097900,779.606873,3033.275391,2492.215576,778.027527,3153.702881,2630.292480,782.995850,2672.434570
71,0.591667,-0.000062,0.000366,0.000707,1.000000,2553.031982,774.168457,2910.304688,2595.378906,786.342712,2793.738281,2520.025146,744.358643,2898.532227,2527.084473,779.707703,3033.385986,2492.264160,777.910400,3153.694824,2630.406494,782.522705,2672.172119,2595.376709,785.675049,2793.585693,2520.052734,744.375732,2898.495850,2527.102783,779.684326,3033.311279,2492.265869,778.039917,3153.710205,2630.338623,782.994080,2672.463623
72,0.600000,-0.000126,0.000344,0.001451,0.999999,2553.043945,774.205078,2910.310059,2595.377686,786.427612,2793.743896,2520.082031,744.344788,2898.539795,2527.083008,779.721375,3033.389648,2492.260254,777.887573,3153.697021,2630.416016,782.644226,2672.179443,2595.475830,785.850708,2793.649658,2520.093994,744.331787,2898.466797,2527.109131,779.699585,3033.306641,2492.257080,778.024780,3153.696777,2630.262207,783.099976,2672.509521
73,0.608333,-0.000175,0.000257,0.001411,0.999999,2553.063965,774.217896,2910.301270,2595.418945,786.425720,2793.741211,2520.101562,744.359070,2898.528076,2527.082031,779.748291,3033.375732,2492.238281,777.928955,3153.677246,2630.478027,782.627625,2672.183594,2595.530273,786.082458,2793.677002,2520.090576,744.324402,2898.447021,2527.094727,779.690979,3033.315674,2492.239990,778.071594,3153.701660,2630.359375,782.925354,2672.401367
74,0.616667,-0.000336,0.000179,0.000391,1.000000,2553.076904,774.091919,2910.252930,2595.475098,786.175537,2793.695557,2520.055664,744.296570,2898.484131,2527.087158,779.715088,3033.321289,2492.220947,778.005737,3153.618164,2630.545654,782.266724,2672.144531,2595.441162,785.613220,2793.528564,2520.103271,744.327515,2898.418213,2527.071533,779.726807,3033.316162,2492.218506,778.087036,3153.704102,2630.540283,782.611145,2672.279297
75,0.625000,-0.000359,0.000091,-0.000001,1.000000,2553.117432,774.037903,2910.250732,2595.545654,786.082947,2793.700195,2520.075195,744.267883,2898.477539,2527.110352,779.687134,3033.314453,2492.221436,778.010681,3153.604980,2630.634766,782.140991,2672.155518,2595.514893,785.681763,2793.619873,2520.106934,744.285950,2898.417236,2527.051758,779.688049,3033.310303,2492.251465,778.086426,3153.702637,2630.661865,782.398010,2672.196533
76,0.633333,-0.000237,0.000162,0.000838,1.000000,2553.103027,774.115723,2910.279785,2595.494385,786.260498,2793.726318,2520.108643,744.293152,2898.503906,2527.104004,779.691162,3033.348633,2492.235107,777.926758,3153.643555,2630.572266,782.407166,2672.175537,2595.531494,785.811890,2793.617432,2520.144775,744.301331,2898.415527,2527.095703,779.698364,3033.309814,2492.237793,778.010071,3153.696533,2630.498535,782.715637,2672.379395
77,0.641667,-0.000119,0.000274,0.001802,0.999998,2553.058350,774.227478,2910.297363,2595.400146,786.481445,2793.737061,2520.119141,744.344238,2898.522217,2527.076172,779.723755,3033.373291,2492.238037,777.863831,3153.675781,2630.458008,782.724365,2672.177979,2595.541748,786.019653,2793.636475,2520.117920,744.312195,2898.430664,2527.121582,779.688660,3033.293945,2492.216309,778.006714,3153.691650,2630.271729,783.124023,2672.512451
78,0.650000,-0.000352,0.000351,0.003035,0.999995,2553.042969,774.234558,2910.289307,2595.336426,786.538513,2793.716797,2520.175781,744.264587,2898.532959,2527.066162,779.724060,3033.366699,2492.251221,777.834167,3153.675537,2630.385010,782.811401,2672.154053,2595.533447,786.065002,2793.644531,2520.107178,744.166016,2898.413086,2527.125000,779.661804,3033.260986,2492.255371,778.040100,3153.668213,2630.155762,783.317810,2672.595703
79,0.658333,-0.000352,0.000301,0.002797,0.999996,2553.039307,774.240906,2910.264893,2595.350342,786.524780,2793.696777,2520.158936,744.286682,2898.505371,2527.052979,779.742859,3033.339844,2492.224854,777.869507,3153.645020,2630.409180,782.780884,2672.137207,2595.510986,785.962891,2793.617432,2520.158203,744.239685,2898.353027,2527.091797,779.672668,3033.222656,2492.217285,778.072815,3153.691895,2630.173096,783.319946,2672.584473
80,0.666667,-0.000269,0.000303,0.002219,0.999997,2553.040771,774.266479,2910.277100,2595.365479,786.520691,2793.710938,2520.125732,744.352234,2898.512695,2527.061279,779.778076,3033.352783,2492.231689,777.925049,3153.658203,2630.419434,782.756470,2672.150635,2595.518311,785.932129,2793.610840,2520.136230,744.323120,2898.389893,2527.087158,779.716858,3033.256104,2492.223877,778.112122,3153.692139,2630.203125,783.279480,2672.556641
81,0.675000,-0.000049,0.000324,0.001615,0.999999,2553.046631,774.273499,2910.311035,2595.381348,786.527954,2793.748291,2520.095215,744.404175,2898.534668,2527.079102,779.762268,3033.390381,2492.252197,777.898499,3153.696045,2630.425781,782.774719,2672.185059,2595.540771,786.014709,2793.660645,2520.101318,744.372559,2898.420654,2527.111084,779.697021,3033.311768,2492.239502,778.077759,3153.706787,2630.208984,783.235901,2672.557129
82,0.683333,0.000067,0.000358,0.001226,0.999999,2553.043701,774.267761,2910.300537,2595.379883,786.516113,2793.737793,2520.067871,744.426758,2898.519531,2527.088379,779.748291,3033.382812,2492.268311,777.883728,3153.690674,2630.413086,782.763855,2672.171143,2595.520264,785.963501,2793.670410,2520.080811,744.407715,2898.431885,2527.119873,779.719971,3033.294922,2492.261230,778.028076,3153.671143,2630.203125,783.228088,2672.542969
83,0.691667,0.000047,0.000262,0.000486,1.000000,2553.055176,774.203735,2910.294189,2595.431885,786.384766,2793.739258,2520.037598,744.411133,2898.508301,2527.084717,779.727661,3033.371338,2492.238770,777.919495,3153.672363,2630.482910,782.575745,2672.179443,2595.525391,785.887329,2793.666016,2520.077393,744.426086,2898.456787,2527.094482,779.669128,3033.285645,2492.223389,778.058716,3153.691650,2630.341553,782.947693,2672.414307
84,0.700000,0.000076,0.000291,0.000579,1.000000,2553.055664,774.192200,2910.301758,2595.423340,786.388000,2793.744873,2520.043213,744.394165,2898.515869,2527.091553,779.704102,3033.380859,2492.252930,777.882385,3153.683594,2630.467773,782.592590,2672.182861,2595.510742,785.912781,2793.652100,2520.061035,744.391174,2898.460449,2527.092773,779.634888,3033.295166,2492.265137,778.038025,3153.679199,2630.332764,782.982239,2672.484863
85,0.708333,-0.000024,0.000325,0.001385,0.999999,2553.036377,774.217163,2910.327881,2595.376221,786.457886,2793.765869,2520.071045,744.363586,2898.550293,2527.071777,779.711792,3033.407715,2492.244141,777.858032,3153.713379,2630.418701,782.694702,2672.202148,2595.502441,785.974182,2793.685059,2520.083740,744.340759,2898.446289,2527.092773,779.629639,3033.321533,2492.242920,778.042114,3153.724121,2630.234619,783.125916,2672.552002
86,0.716667,-0.000270,0.000321,0.002460,0.999997,2553.027832,774.231262,2910.326416,2595.342529,786.505737,2793.758545,2520.126709,744.301147,2898.563232,2527.050049,779.730469,3033.403076,2492.225342,777.860779,3153.709717,2630.394287,782.758301,2672.197266,2595.482910,785.965698,2793.679443,2520.125732,744.260376,2898.436523,2527.106445,779.656860,3033.326904,2492.205322,778.059082,3153.711426,2630.179199,783.260742,2672.595703
87,0.725000,-0.000508,0.000354,0.003716,0.999993,2553.032227,774.194336,2910.326904,2595.308350,786.519775,2793.750488,2520.205811,744.176025,2898.580078,2527.048584,779.686768,3033.402588,2492.236572,777.786804,3153.712158,2630.361328,782.802551,2672.188477,2595.494141,786.024231,2793.702881,2520.134033,744.074707,2898.458496,2527.116699,779.644958,3033.291260,2492.238770,777.979553,3153.702881,2630.144287,783.312073,2672.609619
88,0.733333,-0.000595,0.000300,0.004019,0.999992,2553.028809,774.195190,2910.326172,2595.310303,786.525940,2793.752197,2520.221680,744.154907,2898.581055,2527.028564,779.693176,3033.398193,2492.204590,777.793030,3153.704346,2630.378418,782.808899,2672.194824,2595.515381,786.075378,2793.694580,2520.136475,744.030884,2898.416260,2527.093262,779.610291,3033.301270,2492.207520,778.029236,3153.725342,2630.154053,783.313538,2672.617920
89,0.741667,-0.000411,0.000333,0.003246,0.999995,2553.046631,774.213745,2910.311279,2595.339355,786.521912,2793.739014,2520.192627,744.228516,2898.557129,2527.063232,779.706726,3033.386963,2492.244141,777.816223,3153.694580,2630.394043,782.795288,2672.177734,2595.498047,786.013733,2793.698486,2520.183350,744.170715,2898.389648,2527.100586,779.599487,3033.286377,2492.246582,778.051086,3153.713623,2630.162598,783.306274,2672.602783
90,0.750000,-0.000210,0.000260,0.001717,0.999999,2553.053467,774.204407,2910.319092,2595.400635,786.429993,2793.757812,2520.109375,744.324585,2898.548340,2527.068604,779.727539,3033.393311,2492.226562,777.895264,3153.695068,2630.461426,782.644897,2672.200439,2595.518066,786.041687,2793.692383,2520.114258,744.300354,2898.454346,2527.078125,779.671265,3033.312744,2492.226562,778.039673,3153.733643,2630.322021,782.971130,2672.450684
91,0.758333,0.000117,0.000282,0.000706,1.000000,2553.053955,774.220154,2910.323486,2595.420410,786.436157,2793.768311,2520.048828,744.414673,2898.534424,2527.085693,779.715454,3033.402344,2492.245605,777.875183,3153.704590,2630.468018,782.659485,2672.206543,2595.523682,786.047363,2793.672607,2520.050293,744.399841,2898.484863,2527.077393,779.685303,3033.338379,2492.264404,777.988770,3153.697998,2630.346191,782.973755,2672.469238
92,0.766667,0.000272,0.000358,0.000522,1.000000,2553.043701,774.238647,2910.308594,2595.396973,786.475159,2793.750732,2520.025879,744.448975,2898.515381,2527.096436,779.705261,3033.393066,2492.273926,777.840576,3153.700195,2630.424805,782.723389,2672.182617,2595.504883,785.964050,2793.635254,2520.040039,744.451172,2898.504395,2527.127197,779.637085,3033.274414,2492.264648,777.992737,3153.675293,2630.256348,783.153381,2672.529541
93,0.775000,0.000300,0.000371,0.000816,1.000000,2553.010254,774.292297,2910.310791,2595.353271,786.560303,2793.752686,2520.009766,744.483887,2898.516846,2527.062988,779.736755,3033.396240,2492.244141,777.844727,3153.704102,2630.380371,782.835876,2672.183350,2595.504395,786.016296,2793.644775,2520.029053,744.482544,2898.487549,2527.064209,779.699707,3033.290039,2492.253662,777.980164,3153.663330,2630.166748,783.297058,2672.573975
94,0.783333,0.000228,0.000359,0.000975,1.000000,2553.013672,774.312073,2910.330811,2595.355713,786.576660,2793.771973,2520.022949,744.491455,2898.540527,2527.061523,779.766113,3033.414795,2492.240723,777.880310,3153.722168,2630.386719,782.845886,2672.204102,2595.506348,786.043884,2793.666260,2520.023682,744.472900,2898.500732,2527.109863,779.684143,3033.280273,2492.221924,778.062195,3153.713135,2630.173340,783.328369,2672.596924
95,0.791667,0.000279,0.000340,0.000711,1.000000,2553.019287,774.256287,2910.320068,2595.372314,786.510620,2793.764160,2520.013428,744.454346,2898.525146,2527.065430,779.711243,3033.403809,2492.239258,777.831421,3153.709473,2630.406006,782.773926,2672.197021,2595.494385,785.888489,2793.640137,2520.051758,744.474609,2898.514160,2527.112793,779.623535,3033.281982,2492.203369,778.006897,3153.682861,2630.193604,783.285767,2672.568604
96,0.800000,0.000269,0.000372,0.000807,1.000000,2553.034668,774.236755,2910.314941,2595.377930,786.496826,2793.756104,2520.033936,744.428223,2898.523193,2527.087891,779.689209,3033.400391,2492.269775,777.805176,3153.708252,2630.404541,782.764404,2672.186768,2595.524414,785.889465,2793.647461,2520.051270,744.427063,2898.499023,2527.104248,779.627563,3033.293457,2492.267334,777.970703,3153.670654,2630.193115,783.281372,2672.569824
97,0.808333,0.000068,0.000347,0.001461,0.999999,2553.034424,774.253662,2910.310547,2595.367432,786.522278,2793.748779,2520.072998,744.397278,2898.528809,2527.073975,779.721680,3033.392090,2492.252197,777.840454,3153.699219,2630.405029,782.786743,2672.183105,2595.526855,785.986328,2793.657471,2520.084717,744.375244,2898.440186,2527.071777,779.693115,3033.309082,2492.269043,777.983887,3153.678711,2630.188232,783.250000,2672.582520
98,0.816667,-0.000087,0.000306,0.002037,0.999998,2553.047852,774.244507,2910.319824,2595.376465,786.525757,2793.757568,2520.121826,744.346436,2898.544678,2527.071045,779.720764,3033.397705,2492.241455,777.836731,3153.702393,2630.428223,782.792847,2672.195801,2595.562012,786.036987,2793.680176,2520.113770,744.305176,2898.453613,2527.101318,779.632385,3033.297119,2492.235596,778.035767,3153.697266,2630.194824,783.259033,2672.581543
99,0.825000,-0.000068,0.000295,0.002071,0.999998,2553.050049,774.248535,2910.317383,2595.380371,786.537170,2793.756836,2520.126465,744.348755,2898.540527,2527.070312,779.718262,3033.395020,2492.238037,777.827209,3153.698975,2630.435059,782.811401,2672.195312,2595.575439,786.083496,2793.668457,2520.125488,744.314819,2898.458008,2527.094727,779.622375,3033.306396,2492.231689,778.021973,3153.677490,2630.186523,783.250854,2672.586914
100,0.833333,-0.000151,0.000240,0.001716,0.999999,2553.065674,774.190796,2910.289551,2595.417480,786.429932,2793.731445,2520.122070,744.312378,2898.513672,2527.076172,779.699463,3033.363281,2492.229492,777.853210,3153.663574,2630.483154,782.659058,2672.174805,2595.562500,786.094727,2793.657471,2520.130859,744.291504,2898.434326,2527.059326,779.640076,3033.312988,2492.240234,777.987854,3153.674561,2630.331055,782.944885,2672.407959
101,0.841667,-0.000141,0.000253,0.001708,0.999999,2553.072510,774.175964,2910.283447,2595.421387,786.416748,2793.724609,2520.127930,744.298279,2898.508301,2527.086182,779.682556,3033.358154,2492.242920,777.834412,3153.659424,2630.483643,782.647705,2672.166748,2595.539062,786.012939,2793.636475,2520.123047,744.265503,2898.413086,2527.094971,779.658813,3033.291504,2492.253662,777.958374,3153.671387,2630.338135,782.990234,2672.469238
102,0.850000,-0.000189,0.000275,0.002086,0.999998,2553.044189,774.219482,2910.273926,2595.378662,786.481201,2793.712158,2520.121826,744.315796,2898.502930,2527.059082,779.718140,3033.349365,2492.222168,777.855103,3153.652100,2630.438477,782.727112,2672.153320,2595.523926,785.967346,2793.637207,2520.122559,744.282837,2898.401123,2527.085693,779.698975,3033.272217,2492.221191,777.993713,3153.644775,2630.241699,783.165527,2672.512939
103,0.858333,-0.000206,0.000322,0.002400,0.999997,2553.034424,774.266663,2910.290527,2595.350342,786.551025,2793.724121,2520.129639,744.341919,2898.523682,2527.057373,779.753235,3033.367920,2492.233154,777.872375,3153.674072,2630.401123,782.814880,2672.162109,2595.531982,786.043274,2793.653809,2520.129883,744.300720,2898.402100,2527.071777,779.706909,3033.270752,2492.240234,778.039368,3153.677490,2630.160645,783.285950,2672.574707
104,0.866667,-0.000058,0.000322,0.002068,0.999998,2553.022461,774.259155,2910.280518,2595.346436,786.549805,2793.717773,2520.097656,744.359802,2898.504639,2527.049072,779.726562,3033.359619,2492.223389,777.833313,3153.665283,2630.394775,782.826233,2672.154785,2595.530029,785.980469,2793.637451,2520.097412,744.322815,2898.399902,2527.062256,779.703125,3033.287598,2492.234131,777.987122,3153.632324,2630.147705,783.338806,2672.584473
105,0.875000,-0.000084,0.000310,0.001963,0.999998,2553.016602,774.223511,2910.298340,2595.345947,786.499268,2793.736084,2520.085938,744.330383,2898.523438,2527.041748,779.702759,3033.376465,2492.212891,777.823059,3153.681396,2630.396484,782.762085,2672.174072,2595.504395,785.865723,2793.632568,2520.106689,744.319153,2898.446289,2527.073975,779.645325,3033.275879,2492.195801,777.998840,3153.679932,2630.164551,783.300354,2672.575439
106,0.883333,-0.000055,0.000306,0.001816,0.999998,2553.037354,774.205933,2910.314209,2595.371338,786.475891,2793.753174,2520.098145,744.323181,2898.537354,2527.063232,779.685791,3033.392578,2492.232666,777.809448,3153.697266,2630.421631,782.735352,2672.190918,2595.530762,785.918396,2793.660400,2520.110107,744.301270,2898.447510,2527.108887,779.611633,3033.296387,2492.210449,777.996094,3153.692871,2630.187988,783.235474,2672.591309
107,0.891667,-0.000074,0.000292,0.001837,0.999998,2553.032227,774.200745,2910.324219,2595.368896,786.468262,2793.763672,2520.094727,744.316223,2898.547119,2527.053955,779.684021,3033.401367,2492.220459,777.810547,3153.705078,2630.422607,782.724731,2672.202637,2595.516357,785.951416,2793.672852,2520.113037,744.300476,2898.458740,2527.085205,779.580872,3033.316162,2492.205322,778.013123,3153.700195,2630.207520,783.190979,2672.572021
108,0.900000,-0.000042,0.000329,0.001804,0.999998,2553.039062,774.210693,2910.312256,2595.367920,786.482605,2793.749268,2520.098633,744.329041,2898.535889,2527.070557,779.687988,3033.391602,2492.245361,777.809448,3153.697998,2630.412598,782.744385,2672.185303,2595.506836,785.974915,2793.666016,2520.109863,744.312866,2898.465088,2527.082275,779.635437,3033.295898,2492.252686,777.964600,3153.678955,2630.215576,783.182983,2672.554443
109,0.908333,-0.000035,0.000312,0.001807,0.999998,2553.032959,774.184570,2910.309814,2595.365723,786.458557,2793.748535,2520.093018,744.302917,2898.531982,2527.060059,779.659851,3033.388672,2492.230957,777.779297,3153.693359,2630.414551,782.722351,2672.185791,2595.500488,785.946106,2793.661377,2520.110596,744.288879,2898.447510,2527.066162,779.584656,3033.310303,2492.240234,777.955994,3153.673340,2630.217773,783.171631,2672.556641
110,0.916667,-0.000044,0.000322,0.002093,0.999998,2553.057861,774.141296,2910.302734,2595.381348,786.437439,2793.740234,2520.135010,744.240601,2898.525879,2527.084473,779.603943,3033.381836,2492.258789,777.705566,3153.687500,2630.429932,782.719116,2672.177002,2595.536865,786.006348,2793.677979,2520.135498,744.209167,2898.438232,2527.123047,779.519714,3033.270264,2492.250488,777.884644,3153.673096,2630.207520,783.129639,2672.560059
111,0.925000,-0.000267,0.000227,0.002065,0.999998,2553.068848,774.126587,2910.275635,2595.415039,786.368347,2793.716064,2520.146484,744.222534,2898.506104,2527.072510,779.645569,3033.347656,2492.223877,777.802734,3153.647461,2630.486572,782.593933,2672.160889,2595.513184,786.095154,2793.656982,2520.152344,744.199097,2898.413574,2527.102783,779.562561,3033.273926,2492.206787,777.947876,3153.685059,2630.357666,782.842407,2672.384277
112,0.933333,-0.000239,0.000220,0.002016,0.999998,2553.076172,774.181946,2910.275635,2595.425293,786.426270,2793.717285,2520.151123,744.281738,2898.503906,2527.078369,779.696472,3033.347412,2492.227783,777.850281,3153.646729,2630.498291,782.655151,2672.162842,2595.489990,786.089172,2793.660400,2520.158447,744.253540,2898.369873,2527.096924,779.622375,3033.281982,2492.242188,778.006775,3153.658203,2630.374756,782.962280,2672.473389
113,0.941667,-0.000281,0.000265,0.001609,0.999999,2553.076172,774.186279,2910.252441,2595.424561,786.386169,2793.688965,2520.125732,744.311890,2898.486084,2527.094238,779.732361,3033.325928,2492.253174,777.924622,3153.628662,2630.483398,782.576355,2672.131592,2595.483398,786.023682,2793.652832,2520.147461,744.300049,2898.371338,2527.104736,779.683716,3033.266113,2492.257812,778.054199,3153.654297,2630.377930,782.866211,2672.358643
114,0.950000,-0.000103,0.000265,0.001453,0.999999,2553.060547,774.226929,2910.273438,2595.412842,786.455078,2793.714600,2520.100586,744.366943,2898.496582,2527.080078,779.737305,3033.349365,2492.238525,777.897705,3153.650879,2630.470215,782.677551,2672.155518,2595.528076,786.030396,2793.632324,2520.123535,744.355530,2898.398926,2527.096436,779.669189,3033.258057,2492.233154,778.051941,3153.673584,2630.297363,783.042725,2672.478760
115,0.958333,0.000106,0.000359,0.001540,0.999999,2553.047119,774.269470,2910.289551,2595.375244,786.553650,2793.727539,2520.090332,744.408752,2898.506348,2527.088867,779.724060,3033.372314,2492.270264,777.828247,3153.680176,2630.410645,782.832825,2672.160645,2595.522217,786.097961,2793.634277,2520.101318,744.392395,2898.439209,2527.116943,779.642639,3033.263428,2492.263184,777.998596,3153.668457,2630.198975,783.247925,2672.542725
116,0.966667,0.000262,0.000371,0.001430,0.999999,2553.029541,774.273376,2910.302734,2595.357666,786.584656,2793.743652,2520.065674,744.423645,2898.510986,2527.075439,779.695190,3033.387939,2492.259521,777.769409,3153.695801,2630.389160,782.894165,2672.174805,2595.529297,786.084412,2793.650146,2520.076416,744.408508,2898.459473,2527.098633,779.611145,3033.272217,2492.256348,777.947998,3153.661377,2630.143799,783.362366,2672.593506
117,0.975000,0.000305,0.000385,0.001295,0.999999,2553.029541,774.285522,2910.298828,2595.357666,786.595337,2793.739502,2520.057373,744.445618,2898.505615,2527.080566,779.703735,3033.385254,2492.267334,777.777100,3153.693848,2630.384766,782.905823,2672.169189,2595.525146,786.088928,2793.665527,2520.075439,744.433594,2898.441895,2527.106934,779.589966,3033.243408,2492.262695,777.980164,3153.667725,2630.123779,783.394592,2672.612549
118,0.983333,0.000306,0.000340,0.001234,0.999999,2553.017578,774.293274,2910.313721,2595.357666,786.598267,2793.758057,2520.042969,744.457458,2898.517334,2527.058105,779.714478,3033.397705,2492.233643,777.791687,3153.703125,2630.395264,782.904724,2672.191162,2595.537842,786.095703,2793.672607,2520.058105,744.444885,2898.465576,2527.085938,779.587708,3033.271484,2492.221436,778.005066,3153.678223,2630.141113,783.384827,2672.595215
119,0.991667,0.000267,0.000361,0.001152,0.999999,2553.029785,774.264648,2910.314209,2595.366943,786.553528,2793.756348,2520.049561,744.433289,2898.521729,2527.076172,779.699707,3033.399170,2492.256592,777.792114,3153.706055,2630.398926,782.844727,2672.187988,2595.537354,786.060974,2793.648682,2520.060547,744.418884,2898.472900,2527.124023,779.621948,3033.290527,2492.233887,777.963379,3153.666504,2630.143066,783.308105,2672.617920
120,1.000000,0.000075,0.000369,0.001565,0.999999,2553.029053,774.243958,2910.336914,2595.354248,786.523010,2793.773438,2520.073486,744.380859,2898.556396,2527.073242,779.704895,3033.420166,2492.256836,777.814758,3153.728516,2630.387207,782.796448,2672.205811,2595.518066,786.019226,2793.683105,2520.081299,744.358887,2898.483643,2527.092285,779.650513,3033.326172,2492.255371,777.974060,3153.710938,2630.167236,783.242432,2672.585938
121,1.008333,-0.000092,0.000254,0.001192,0.999999,2553.050781,774.198425,2910.323486,2595.412109,786.407043,2793.765625,2520.075439,744.355957,2898.544922,2527.070557,779.719727,3033.398682,2492.225098,777.895630,3153.699707,2630.470215,782.613892,2672.207275,2595.506592,786.024231,2793.706299,2520.100098,744.349854,2898.458008,2527.083740,779.638916,3033.346191,2492.216309,778.050720,3153.708496,2630.333252,782.931091,2672.439941
122,1.016667,-0.000183,0.000124,0.000435,1.000000,2553.113770,774.124695,2910.291748,2595.523926,786.247742,2793.742676,2520.096191,744.330078,2898.510254,2527.109863,779.707886,3033.359131,2492.230469,777.958679,3153.651367,2630.607910,782.379150,2672.194580,2595.529541,786.006714,2793.699951,2520.133545,744.351501,2898.465820,2527.102783,779.674194,3033.330322,2492.218506,778.031555,3153.714111,2630.581787,782.543884,2672.249268
123,1.025000,-0.000200,0.000105,0.000948,1.000000,2553.086426,774.134094,2910.300781,2595.488525,786.296692,2793.752930,2520.100098,744.305176,2898.519043,2527.072266,779.694824,3033.366943,2492.190186,777.913940,3153.657959,2630.581055,782.459961,2672.206055,2595.515381,786.002502,2793.677002,2520.135254,744.315125,2898.441650,2527.071289,779.648071,3033.327881,2492.185303,778.015625,3153.710693,2630.520264,782.678467,2672.360596
124,1.033333,-0.000242,0.000157,0.000940,1.000000,2553.087158,774.119507,2910.287109,2595.477295,786.271790,2793.734131,2520.099121,744.290100,2898.511475,2527.085693,779.690796,3033.355713,2492.216064,777.920349,3153.650391,2630.557373,782.424500,2672.183838,2595.502441,786.017883,2793.691650,2520.123779,744.296936,2898.456543,2527.068359,779.640198,3033.323242,2492.223145,778.017212,3153.692871,2630.517334,782.615112,2672.279053
125,1.041667,-0.000095,0.000226,0.001377,0.999999,2553.066162,774.180664,2910.299072,2595.429443,786.404175,2793.743652,2520.102783,744.325867,2898.519043,2527.076904,779.693115,3033.372803,2492.225586,777.856873,3153.671875,2630.496094,782.623230,2672.187256,2595.504883,786.040283,2793.679932,2520.119141,744.313110,2898.428223,2527.097900,779.587708,3033.283447,2492.222168,778.032410,3153.705078,2630.372803,782.944031,2672.449463
126,1.050000,-0.000133,0.000300,0.001471,0.999999,2553.051514,774.174072,2910.282471,2595.395264,786.396667,2793.719727,2520.091797,744.312256,2898.509521,2527.079346,779.691040,3033.359619,2492.245850,777.857544,3153.663818,2630.444580,782.612976,2672.158691,2595.493408,786.001709,2793.665771,2520.119385,744.307617,2898.421143,2527.070801,779.634399,3033.283936,2492.254883,777.993225,3153.684814,2630.308105,782.931274,2672.405273
127,1.058333,-0.000209,0.000197,0.001056,0.999999,2553.062500,774.139160,2910.255371,2595.440430,786.308899,2793.699707,2520.080322,744.302917,2898.480469,2527.069580,779.696411,3033.326416,2492.209961,777.909973,3153.623779,2630.511719,782.477661,2672.146484,2595.501221,785.913025,2793.661621,2520.115723,744.308228,2898.394531,2527.070068,779.622803,3033.260742,2492.206787,778.055054,3153.659180,2630.409180,782.783325,2672.333984
128,1.066667,-0.000300,0.000120,0.000613,1.000000,2553.122070,774.089294,2910.241455,2595.528809,786.200195,2793.689941,2520.115479,744.280090,2898.466553,2527.114990,779.691956,3033.307373,2492.235107,777.958374,3153.599854,2630.615234,782.315796,2672.143066,2595.534180,785.917236,2793.647217,2520.156494,744.303040,2898.415771,2527.099121,779.632080,3033.239258,2492.230469,778.060791,3153.691162,2630.586426,782.516541,2672.220947
129,1.075000,-0.000115,0.000183,0.000828,1.000000,2553.108643,774.125244,2910.281250,2595.495361,786.297424,2793.728760,2520.113525,744.306274,2898.499512,2527.114746,779.671265,3033.352295,2492.250977,777.878296,3153.648682,2630.568604,782.472961,2672.175781,2595.539795,786.009033,2793.668457,2520.136475,744.309692,2898.441406,2527.100830,779.595154,3033.288086,2492.264160,778.003662,3153.679199,2630.496826,782.705505,2672.350830
130,1.083333,-0.000040,0.000222,0.001492,0.999999,2553.044434,774.217346,2910.321533,2595.405518,786.463562,2793.767578,2520.087646,744.356323,2898.538086,2527.052979,779.710205,3033.395508,2492.201416,777.852661,3153.694092,2630.473877,782.704102,2672.211426,2595.535400,786.071350,2793.688721,2520.104004,744.342712,2898.464600,2527.089355,779.619263,3033.285645,2492.181885,778.018921,3153.706055,2630.284668,783.058655,2672.537354
131,1.091667,-0.000010,0.000318,0.002058,0.999998,2553.044434,774.269897,2910.342773,2595.369629,786.570862,2793.781494,2520.119141,744.372314,2898.563965,2527.070312,779.726013,3033.421875,2492.243408,777.821960,3153.727295,2630.418701,782.858276,2672.218262,2595.535400,786.080566,2793.712891,2520.116699,744.343201,2898.501953,2527.115723,779.687256,3033.319092,2492.234131,777.970398,3153.675293,2630.174072,783.314148,2672.635498
132,1.100000,-0.000237,0.000306,0.002368,0.999997,2553.052490,774.186584,2910.312256,2595.372803,786.461121,2793.746582,2520.146240,744.263306,2898.545898,2527.072021,779.682373,3033.388428,2492.243408,777.811157,3153.693604,2630.427490,782.715210,2672.185791,2595.524902,786.044250,2793.712158,2520.109131,744.206238,2898.479492,2527.124268,779.641602,3033.290527,2492.236816,777.963318,3153.668457,2630.251953,783.098633,2672.484619
133,1.108333,-0.000408,0.000184,0.002013,0.999998,2553.088379,774.145569,2910.274414,2595.446045,786.350037,2793.715088,2520.164062,744.241516,2898.510498,2527.081787,779.702026,3033.342529,2492.222412,777.896851,3153.639893,2630.527832,782.537537,2672.164307,2595.537109,786.002258,2793.667725,2520.174805,744.220337,2898.403320,2527.073242,779.701050,3033.300049,2492.229492,777.987366,3153.687012,2630.428223,782.798950,2672.338135
134,1.116667,-0.000312,0.000180,0.001655,0.999999,2553.110840,774.157715,2910.292725,2595.478271,786.354309,2793.735840,2520.165039,744.279541,2898.522705,2527.106934,779.709045,3033.361328,2492.245361,777.905579,3153.658203,2630.558105,782.540161,2672.184570,2595.541992,785.971252,2793.668701,2520.174561,744.263672,2898.430420,2527.115479,779.691467,3033.304932,2492.251953,778.012268,3153.686035,2630.462646,782.837463,2672.410400
135,1.125000,-0.000145,0.000289,0.001555,0.999999,2553.099121,774.210083,2910.292480,2595.443604,786.437012,2793.730225,2520.144775,744.342468,2898.519531,2527.123535,779.725586,3033.368896,2492.287842,777.889099,3153.672363,2630.496094,782.656372,2672.170166,2595.567383,785.973267,2793.657715,2520.140869,744.308716,2898.422363,2527.177979,779.691345,3033.293457,2492.266113,778.032898,3153.675049,2630.320557,783.053833,2672.491699
136,1.133333,-0.000152,0.000282,0.001917,0.999998,2553.049072,774.291199,2910.305176,2595.386230,786.547119,2793.743652,2520.116455,744.399597,2898.532471,2527.067627,779.789673,3033.381104,2492.231689,777.929626,3153.684326,2630.443359,782.790100,2672.184082,2595.574707,785.990967,2793.671875,2520.120850,744.365173,2898.427002,2527.092529,779.763245,3033.287842,2492.225098,778.081604,3153.683105,2630.197754,783.278137,2672.577637
137,1.141667,-0.000098,0.000288,0.001005,1.000000,2553.052490,774.263123,2910.278564,2595.410400,786.454529,2793.717773,2520.065430,744.432861,2898.502930,2527.082520,779.795654,3033.355469,2492.244629,777.986084,3153.658936,2630.458740,782.646729,2672.157227,2595.532715,785.908325,2793.667725,2520.085938,744.429565,2898.447754,2527.070312,779.788330,3033.266846,2492.263184,778.100159,3153.637939,2630.295410,783.061951,2672.447510
138,1.150000,0.000132,0.000216,-0.000314,1.000000,2553.089111,774.195679,2910.279053,2595.495850,786.328674,2793.729980,2520.024902,744.457947,2898.484863,2527.115967,779.740234,3033.354736,2492.256348,777.967468,3153.652344,2630.552002,782.484192,2672.172852,2595.547119,785.943542,2793.663086,2520.055176,744.478882,2898.477051,2527.095947,779.694275,3033.266357,2492.267578,778.070190,3153.666992,2630.475830,782.761230,2672.339355
139,1.158333,0.000245,0.000209,-0.000349,1.000000,2553.088867,774.203186,2910.304688,2595.498047,786.359436,2793.758789,2520.022949,744.470459,2898.503662,2527.114746,779.721863,3033.381348,2492.253174,777.924438,3153.678223,2630.555664,782.539856,2672.201416,2595.579102,785.946350,2793.654297,2520.044678,744.484558,2898.511475,2527.146240,779.639465,3033.261230,2492.230957,778.062622,3153.680908,2630.431885,782.869080,2672.444580
140,1.166667,-0.000096,0.000259,0.001622,0.999999,2553.052246,774.188660,2910.328613,2595.401855,786.432617,2793.770264,2520.102539,744.317688,2898.551025,2527.068604,779.688721,3033.404053,2492.226074,777.835815,3153.705566,2630.461914,782.668457,2672.211914,2595.577637,786.020203,2793.666504,2520.066650,744.263000,2898.496582,2527.099365,779.604004,3033.278564,2492.226562,778.021057,3153.724854,2630.279785,783.069763,2672.550049
141,1.175000,-0.000225,0.000250,0.002579,0.999997,2553.042236,774.232056,2910.304199,2595.370361,786.527161,2793.743652,2520.149902,744.295044,2898.533936,2527.045654,779.713867,3033.377930,2492.204590,777.825073,3153.679199,2630.439941,782.799011,2672.186523,2595.554199,786.024109,2793.689697,2520.140381,744.246887,2898.422852,2527.094238,779.638306,3033.280273,2492.192871,778.021606,3153.657471,2630.183594,783.290894,2672.606201
142,1.183333,-0.000218,0.000296,0.002723,0.999996,2553.026855,774.261902,2910.327393,2595.340820,786.570801,2793.762939,2520.142334,744.315613,2898.559570,2527.040283,779.734619,3033.403320,2492.210938,777.834106,3153.708008,2630.400146,782.854370,2672.202881,2595.518555,786.084290,2793.706299,2520.142334,744.274048,2898.438965,2527.088623,779.636780,3033.293945,2492.193848,778.043457,3153.705566,2630.140137,783.338318,2672.627930
143,1.191667,-0.000231,0.000293,0.001874,0.999998,2553.043213,774.234192,2910.328857,2595.378662,786.468140,2793.764404,2520.107666,744.343445,2898.561523,2527.064697,779.754272,3033.404541,2492.231445,777.916138,3153.708984,2630.432617,782.688965,2672.204590,2595.479736,786.060181,2793.718750,2520.124268,744.325256,2898.452637,2527.094482,779.677795,3033.305664,2492.218018,778.079529,3153.751221,2630.282959,783.035950,2672.473145
144,1.200000,-0.000071,0.000269,0.001449,0.999999,2553.045410,774.243530,2910.334229,2595.396973,786.478821,2793.775635,2520.085449,744.384644,2898.555420,2527.065918,779.746277,3033.410400,2492.225098,777.899231,3153.712158,2630.453857,782.708801,2672.216309,2595.480469,786.089050,2793.707764,2520.105957,744.380859,2898.486816,2527.070068,779.692749,3033.335205,2492.233643,778.028870,3153.707275,2630.323242,783.025513,2672.486572
145,1.208333,0.000121,0.000307,0.001142,0.999999,2553.034180,774.271606,2910.333496,2595.384033,786.525513,2793.776367,2520.054688,744.437439,2898.545898,2527.067627,779.743225,3033.413574,2492.234863,777.871582,3153.717773,2630.428711,782.780396,2672.212891,2595.482666,786.126038,2793.698242,2520.074707,744.437561,2898.504883,2527.107178,779.641602,3033.307373,2492.217773,778.037354,3153.696777,2630.263184,783.130920,2672.524414
146,1.216667,0.000304,0.000332,0.000974,1.000000,2553.019287,774.296631,2910.335205,2595.367676,786.579041,2793.780518,2520.029053,744.477905,2898.538574,2527.060547,779.731873,3033.418945,2492.233398,777.827820,3153.723877,2630.405518,782.866699,2672.214111,2595.512207,786.134583,2793.691650,2520.052246,744.480347,2898.511963,2527.078125,779.664612,3033.299072,2492.225098,777.969543,3153.696289,2630.199463,783.247131,2672.558350
147,1.225000,0.000260,0.000327,0.000439,1.000000,2553.040527,774.289429,2910.318115,2595.403076,786.516174,2793.762695,2520.018555,744.505005,2898.523926,2527.086426,779.763306,3033.401123,2492.256104,777.907043,3153.705811,2630.437744,782.755737,2672.196777,2595.527344,786.240540,2793.700439,2520.027100,744.502014,2898.520752,2527.104736,779.653259,3033.279297,2492.247314,778.052612,3153.684570,2630.282227,783.009888,2672.439453
148,1.233333,0.000290,0.000310,0.000431,1.000000,2553.044678,774.296570,2910.322998,2595.411377,786.529602,2793.769531,2520.022705,744.513306,2898.525635,2527.086426,779.763550,3033.405273,2492.252197,777.900696,3153.708740,2630.449951,782.775818,2672.204834,2595.539551,786.187317,2793.700684,2520.025146,744.497314,2898.485596,2527.103516,779.655823,3033.260986,2492.251221,778.067505,3153.724854,2630.288818,783.091614,2672.495117
149,1.241667,0.000159,0.000366,0.001144,0.999999,2553.039307,774.295349,2910.302490,2595.375488,786.558411,2793.741211,2520.058594,744.461975,2898.516602,2527.087158,779.757324,3033.386230,2492.268799,777.876221,3153.694092,2630.406250,782.822937,2672.173584,2595.525635,786.132812,2793.682861,2520.065186,744.447327,2898.483398,2527.153076,779.671875,3033.247559,2492.238281,778.040771,3153.654297,2630.177246,783.219971,2672.539551
150,1.250000,-0.000114,0.000338,0.000671,1.000000,2553.034668,774.180725,2910.247803,2595.389160,786.339905,2793.682373,2520.026367,744.372131,2898.476318,2527.080811,779.734619,3033.327148,2492.253662,777.952332,3153.634033,2630.423096,782.504700,2672.118652,2595.414307,785.601379,2793.537109,2520.102783,744.420532,2898.417725,2527.106689,779.717773,3033.264648,2492.221680,778.071716,3153.655273,2630.295166,782.996704,2672.408936
151,1.258333,0.000087,0.000306,0.000748,1.000000,2553.065918,774.185120,2910.274170,2595.425781,786.397705,2793.716309,2520.063232,744.376099,2898.488770,2527.103760,779.685547,3033.354004,2492.269287,777.849548,3153.658203,2630.467773,782.616760,2672.153320,2595.474121,785.796814,2793.692139,2520.107422,744.393066,2898.421631,2527.117188,779.650085,3033.250977,2492.277588,777.986694,3153.625732,2630.322510,783.066040,2672.470215
152,1.266667,0.000000,0.000275,0.000714,1.000000,2553.071533,774.208252,2910.252686,2595.439453,786.397766,2793.695312,2520.067139,744.399475,2898.470215,2527.101807,779.731750,3033.330078,2492.260010,777.918884,3153.632080,2630.488770,782.593445,2672.134766,2595.489746,786.037659,2793.680420,2520.105957,744.410339,2898.397949,2527.121826,779.622314,3033.215088,2492.254639,778.080811,3153.642578,2630.368408,782.888977,2672.369873
153,1.275000,-0.000385,0.000252,0.002407,0.999997,2553.063477,774.199463,2910.291748,2595.395508,786.442749,2793.726807,2520.160889,744.270081,2898.530762,2527.069092,779.729736,3033.363525,2492.227539,777.891418,3153.665527,2630.463623,782.663574,2672.171143,2595.508545,786.084412,2793.693359,2520.122803,744.204529,2898.423340,2527.117432,779.645142,3033.240723,2492.233887,778.077820,3153.685791,2630.318359,783.023071,2672.488037
154,1.283333,-0.000334,0.000308,0.003001,0.999995,2553.060547,774.207520,2910.314697,2595.364990,786.512939,2793.746582,2520.192139,744.240234,2898.554443,2527.073730,779.694397,3033.390137,2492.247803,777.802551,3153.695801,2630.423828,782.787720,2672.186279,2595.515137,786.125183,2793.705811,2520.179199,744.186279,2898.419434,2527.112793,779.607056,3033.297852,2492.246338,777.993225,3153.696533,2630.215820,783.175903,2672.552979
155,1.291667,-0.000384,0.000295,0.003214,0.999995,2553.044434,774.257690,2910.321289,2595.346436,786.569397,2793.752930,2520.188965,744.275269,2898.563232,2527.051758,779.745789,3033.395264,2492.223633,777.851074,3153.700439,2630.410156,782.847046,2672.194092,2595.523926,786.143738,2793.687988,2520.180420,744.224792,2898.435059,2527.092773,779.680237,3033.307861,2492.215820,778.027039,3153.690918,2630.163330,783.271057,2672.609375
156,1.300000,-0.000064,0.000354,0.002138,0.999998,2553.031982,774.269714,2910.320068,2595.346680,786.564941,2793.754395,2520.110840,744.365601,2898.546631,2527.065918,779.734985,3033.400879,2492.248291,777.838257,3153.708740,2630.387451,782.844910,2672.188965,2595.510986,786.081970,2793.674072,2520.108643,744.329529,2898.445068,2527.104736,779.629089,3033.299561,2492.241699,778.049072,3153.697266,2630.152344,783.318665,2672.609131
157,1.308333,0.000038,0.000368,0.001546,0.999999,2553.021729,774.304626,2910.291992,2595.347656,786.573425,2793.727539,2520.064941,744.441956,2898.513672,2527.065674,779.775635,3033.374512,2492.249268,777.895691,3153.682861,2630.380859,782.836548,2672.160645,2595.487305,785.996887,2793.644531,2520.090088,744.439453,2898.454834,2527.103027,779.699646,3033.248535,2492.232910,778.072021,3153.666992,2630.153809,783.335571,2672.561035
158,1.316667,0.000218,0.000364,0.000331,1.000000,2553.062988,774.263062,2910.275391,2595.419678,786.470886,2793.716064,2520.033936,744.484802,2898.485840,2527.119141,779.752930,3033.359863,2492.297119,777.914429,3153.667480,2630.444580,782.692566,2672.147705,2595.510498,786.107483,2793.668457,2520.055420,744.490112,2898.456543,2527.143555,779.678040,3033.254395,2492.286865,778.047546,3153.647949,2630.302002,782.990601,2672.394531
159,1.325000,0.000256,0.000242,0.000441,1.000000,2553.060059,774.276306,2910.292480,2595.442383,786.502136,2793.744141,2520.040283,744.491638,2898.492676,2527.085205,779.751221,3033.370850,2492.234375,777.896057,3153.669922,2630.497803,782.740662,2672.184082,2595.526611,786.161377,2793.672852,2520.058350,744.497253,2898.479248,2527.106445,779.662354,3033.255615,2492.232910,778.034973,3153.637207,2630.356201,783.036682,2672.467773
160,1.333333,0.000125,0.000252,0.000305,1.000000,2553.066162,774.255127,2910.293213,2595.449707,786.439087,2793.740723,2520.038086,744.476257,2898.501953,2527.095215,779.769104,3033.370605,2492.246094,777.954773,3153.670898,2630.501709,782.636353,2672.181152,2595.532715,786.108643,2793.676025,2520.062500,744.484314,2898.476807,2527.114746,779.689331,3033.282715,2492.229004,778.084351,3153.677002,2630.383057,782.902222,2672.379150
161,1.341667,-0.000013,0.000141,-0.000097,1.000000,2553.098145,774.173767,2910.277100,2595.517090,786.291443,2793.730713,2520.048828,744.418335,2898.486572,2527.104492,779.742737,3033.347412,2492.227295,777.989685,3153.640381,2630.593018,782.426880,2672.179932,2595.544189,786.083557,2793.694336,2520.074463,744.434631,2898.473145,2527.106934,779.690002,3033.290771,2492.217041,778.069397,3153.666504,2630.545654,782.582336,2672.265869
162,1.350000,-0.000062,0.000144,0.000494,1.000000,2553.095459,774.143372,2910.289551,2595.499512,786.299683,2793.741699,2520.081299,744.347778,2898.502197,2527.095703,779.693726,3033.359375,2492.221680,777.911194,3153.652588,2630.579346,782.464722,2672.191162,2595.525635,785.960999,2793.668945,2520.107422,744.358582,2898.459717,2527.096191,779.645874,3033.283691,2492.225830,778.017090,3153.682617,2630.515381,782.718933,2672.374268
163,1.358333,-0.000101,0.000266,0.001454,0.999999,2553.062500,774.170166,2910.324463,2595.414307,786.398804,2793.765625,2520.102539,744.310181,2898.547607,2527.082275,779.680115,3033.400391,2492.240967,777.840027,3153.702148,2630.471680,782.621765,2672.206543,2595.531738,785.892578,2793.668945,2520.125000,744.302917,2898.469971,2527.070312,779.639404,3033.339111,2492.252686,777.980530,3153.711914,2630.321289,783.021301,2672.492676
164,1.366667,-0.000131,0.000334,0.002329,0.999997,2553.050049,774.197205,2910.323975,2595.364746,786.493042,2793.758301,2520.140869,744.278931,2898.553223,2527.076904,779.669006,3033.402588,2492.255127,777.775085,3153.709717,2630.412109,782.770142,2672.195068,2595.544434,785.957397,2793.667236,2520.138428,744.245789,2898.473633,2527.079590,779.641235,3033.337891,2492.270020,777.923889,3153.675537,2630.192627,783.240906,2672.573975
165,1.375000,-0.000141,0.000261,0.001918,0.999998,2553.045654,774.149109,2910.313721,2595.387451,786.407654,2793.754150,2520.113770,744.257629,2898.538818,2527.059326,779.644836,3033.388672,2492.218262,777.782166,3153.690430,2630.449463,782.653381,2672.195557,2595.550293,786.000793,2793.685547,2520.123047,744.235352,2898.460938,2527.097412,779.561951,3033.322998,2492.187744,777.950745,3153.692383,2630.252930,783.010376,2672.464600
166,1.383333,-0.000309,0.000233,0.002379,0.999997,2553.050049,774.200989,2910.316162,2595.387207,786.459412,2793.754883,2520.146240,744.275208,2898.549561,2527.051514,779.714111,3033.387939,2492.205566,777.859619,3153.688477,2630.459229,782.696594,2672.199951,2595.527100,786.056519,2793.691406,2520.143311,744.242981,2898.463867,2527.071533,779.649414,3033.309082,2492.206543,778.018188,3153.681396,2630.282959,783.058044,2672.506836
167,1.391667,-0.000194,0.000321,0.002369,0.999997,2553.040527,774.240784,2910.322510,2595.357422,786.525208,2793.756592,2520.134033,744.318420,2898.554443,2527.063721,779.726135,3033.400146,2492.238770,777.844666,3153.706055,2630.408203,782.789673,2672.194580,2595.502686,786.098511,2793.685791,2520.130127,744.284363,2898.463867,2527.081787,779.640991,3033.312012,2492.246094,778.026489,3153.694336,2630.216797,783.188721,2672.546143
168,1.400000,-0.000132,0.000372,0.002216,0.999997,2553.032471,774.251343,2910.320557,2595.341064,786.537231,2793.751709,2520.115723,744.340454,2898.552490,2527.069824,779.729370,3033.401367,2492.256836,777.843689,3153.710938,2630.378174,782.805969,2672.185547,2595.478760,786.005188,2793.665283,2520.123291,744.317261,2898.464111,2527.119385,779.606140,3033.297363,2492.238525,778.070129,3153.705078,2630.164307,783.305420,2672.582031
169,1.408333,0.000023,0.000377,0.001862,0.999998,2553.017090,774.264526,2910.312256,2595.333008,786.556641,2793.746826,2520.079102,744.380615,2898.535156,2527.060059,779.722778,3033.395020,2492.246826,777.824341,3153.704102,2630.366211,782.838318,2672.178955,2595.496582,785.941284,2793.621582,2520.100342,744.374329,2898.477051,2527.046387,779.684692,3033.330566,2492.266357,777.976990,3153.657715,2630.141113,783.363647,2672.593994
170,1.416667,-0.000003,0.000351,0.001906,0.999998,2553.028564,774.273315,2910.309082,2595.349854,786.563049,2793.745361,2520.093750,744.385925,2898.531982,2527.064209,779.735779,3033.390381,2492.244873,777.840698,3153.697754,2630.389893,782.841370,2672.179688,2595.492676,786.021484,2793.614990,2520.107666,744.373779,2898.470703,2527.121338,779.675537,3033.296387,2492.216797,778.004578,3153.673096,2630.158447,783.327820,2672.612549
171,1.425000,-0.000022,0.000403,0.001885,0.999998,2553.034668,774.251892,2910.314209,2595.344238,786.535522,2793.745605,2520.097412,744.365417,2898.541748,2527.083740,779.719971,3033.397949,2492.276611,777.830750,3153.709229,2630.371582,782.807922,2672.176514,2595.507568,786.044617,2793.628174,2520.100098,744.342346,2898.477783,2527.094482,779.684265,3033.310059,2492.286133,777.971436,3153.677490,2630.149170,783.251038,2672.598145
172,1.433333,-0.000113,0.000293,0.001428,0.999999,2553.057373,774.194397,2910.293945,2595.403564,786.417969,2793.732422,2520.095459,744.335876,2898.519775,2527.084473,779.708801,3033.371094,2492.249268,777.873535,3153.674805,2630.454346,782.636047,2672.171631,2595.511719,786.025696,2793.643066,2520.121094,744.334167,2898.447998,2527.080078,779.671814,3033.305176,2492.250244,777.988342,3153.692383,2630.313232,782.943726,2672.425537
173,1.441667,-0.000166,0.000257,0.001743,0.999998,2553.084229,774.194092,2910.292969,2595.431396,786.432007,2793.732910,2520.141602,744.313599,2898.519287,2527.098633,779.705078,3033.367432,2492.255859,777.860596,3153.668945,2630.492920,782.659363,2672.175049,2595.515625,786.025757,2793.637695,2520.155029,744.303589,2898.451172,2527.126221,779.659180,3033.293457,2492.251221,777.989929,3153.664551,2630.353760,782.996704,2672.480225
174,1.450000,-0.000327,0.000218,0.001607,0.999999,2553.098633,774.130371,2910.274658,2595.458252,786.319214,2793.714355,2520.148926,744.255005,2898.508057,2527.104736,779.688049,3033.345459,2492.252686,777.891724,3153.644775,2630.528564,782.497864,2672.160400,2595.526367,785.999084,2793.659668,2520.186523,744.263000,2898.431396,2527.116699,779.617676,3033.295654,2492.240967,778.017944,3153.652832,2630.410645,782.752625,2672.365723
175,1.458333,-0.000375,0.000134,0.000880,1.000000,2553.135010,774.069275,2910.252930,2595.531982,786.185364,2793.698486,2520.144043,744.240723,2898.483643,2527.128418,779.676514,3033.318848,2492.253174,777.942322,3153.612549,2630.616943,782.301514,2672.151123,2595.541992,785.943726,2793.640625,2520.154297,744.240356,2898.435791,2527.112793,779.631714,3033.271973,2492.263672,778.035645,3153.683594,2630.602051,782.485718,2672.238770
176,1.466667,-0.000331,0.000129,0.001248,0.999999,2553.100342,774.142639,2910.283691,2595.489502,786.300354,2793.730957,2520.131348,744.290833,2898.511475,2527.088379,779.719788,3033.349854,2492.213135,777.949219,3153.642822,2630.578857,782.453064,2672.183350,2595.519775,785.926453,2793.650635,2520.147705,744.291260,2898.457275,2527.092285,779.687134,3033.293945,2492.218018,778.055481,3153.673096,2630.518311,782.732056,2672.366699
177,1.475000,-0.000085,0.000234,0.000884,1.000000,2553.081787,774.154358,2910.293945,2595.455078,786.338440,2793.738037,2520.088623,744.332397,2898.513916,2527.099854,779.689941,3033.368408,2492.248779,777.885742,3153.667969,2630.516113,782.525330,2672.181396,2595.519043,786.052368,2793.667480,2520.098633,744.323364,2898.451416,2527.108398,779.639099,3033.300293,2492.244629,777.996948,3153.713379,2630.433594,782.756531,2672.358398
178,1.483333,-0.000046,0.000323,0.001774,0.999998,2553.050537,774.181946,2910.331787,2595.381592,786.450562,2793.769287,2520.108398,744.302246,2898.555176,2527.080811,779.661743,3033.411133,2492.254150,777.786072,3153.716553,2630.427246,782.709351,2672.205811,2595.498535,786.041565,2793.681641,2520.117188,744.287048,2898.491455,2527.065430,779.624207,3033.327881,2492.275635,777.910767,3153.722412,2630.285645,783.045654,2672.491211
179,1.491667,-0.000158,0.000325,0.001768,0.999998,2553.041504,774.183167,2910.315186,2595.372070,786.425110,2793.749756,2520.098877,744.301147,2898.545654,2527.072510,779.690796,3033.393311,2492.246338,777.842529,3153.699707,2630.417236,782.656250,2672.187256,2595.488525,786.004761,2793.677734,2520.096924,744.279480,2898.489014,2527.068848,779.671326,3033.320068,2492.261719,777.956970,3153.699463,2630.286621,782.992310,2672.438721
180,1.500000,-0.000233,0.000245,0.001278,0.999999,2553.067627,774.174744,2910.269775,2595.428955,786.357727,2793.709229,2520.097656,744.323242,2898.499268,2527.084229,779.726379,3033.342773,2492.236816,777.930298,3153.643799,2630.489990,782.536194,2672.153076,2595.483643,786.055298,2793.650635,2520.102539,744.314148,2898.451904,2527.092529,779.664673,3033.270020,2492.239502,778.052185,3153.671143,2630.415771,782.783020,2672.327148
181,1.508333,-0.000051,0.000277,0.001173,0.999999,2553.065674,774.180359,2910.272217,2595.422363,786.396729,2793.713379,2520.088867,744.340149,2898.493164,2527.091309,779.692688,3033.349121,2492.251465,777.860229,3153.651367,2630.474854,782.612000,2672.153564,2595.495605,786.016357,2793.661377,2520.092529,744.327454,2898.440430,2527.072754,779.695312,3033.260254,2492.293213,777.946838,3153.618164,2630.361572,782.914246,2672.442139
182,1.516667,-0.000055,0.000240,0.000810,1.000000,2553.070557,774.197754,2910.270508,2595.444336,786.382507,2793.714844,2520.072998,744.381287,2898.489014,2527.091064,779.729919,3033.345215,2492.240967,777.923706,3153.645264,2630.503174,782.571350,2672.157227,2595.512939,786.052185,2793.665039,2520.105713,744.393494,2898.445068,2527.099854,779.697083,3033.252441,2492.237549,778.014893,3153.644531,2630.383301,782.821716,2672.383301
183,1.525000,-0.000017,0.000168,-0.000109,1.000000,2553.089355,774.153076,2910.277100,2595.502441,786.268799,2793.728516,2520.038574,744.398254,2898.488770,2527.102295,779.723572,3033.348633,2492.231689,777.972290,3153.643311,2630.571777,782.402527,2672.175781,2595.506592,786.020142,2793.685303,2520.066406,744.419006,2898.472900,2527.083984,779.707214,3033.288330,2492.243896,778.029114,3153.668457,2630.543213,782.572021,2672.278076
184,1.533333,-0.000027,0.000145,0.000307,1.000000,2553.086182,774.171570,2910.311768,2595.494629,786.320190,2793.764893,2520.060791,744.389038,2898.522461,2527.088867,779.723022,3033.381836,2492.214111,777.945190,3153.675049,2630.572510,782.480591,2672.213867,2595.530518,785.984802,2793.674072,2520.077148,744.393188,2898.485596,2527.081787,779.725647,3033.326904,2492.223877,778.011780,3153.698975,2630.514160,782.718689,2672.388428
185,1.541667,-0.000050,0.000248,0.001224,0.999999,2553.043701,774.249268,2910.334961,2595.405518,786.470276,2793.778809,2520.070312,744.405701,2898.553955,2527.061523,779.758606,3033.410400,2492.214600,777.922302,3153.710938,2630.465576,782.689514,2672.220703,2595.527588,786.040771,2793.691895,2520.077881,744.389038,2898.491943,2527.077148,779.756531,3033.324219,2492.215088,778.021057,3153.705811,2630.303223,783.033936,2672.528809
186,1.550000,0.000189,0.000365,0.001596,0.999999,2553.035400,774.275513,2910.330322,2595.361084,786.583801,2793.770020,2520.081787,744.413086,2898.542725,2527.078125,779.706787,3033.414307,2492.260986,777.787109,3153.722168,2630.395508,782.887085,2672.202148,2595.509521,786.141235,2793.708984,2520.083496,744.387207,2898.474121,2527.104492,779.661743,3033.322998,2492.269775,777.932983,3153.656494,2630.168457,783.301270,2672.614258
187,1.558333,0.000025,0.000343,0.002205,0.999997,2553.025146,774.310059,2910.338623,2595.341064,786.631775,2793.776367,2520.108398,744.403625,2898.559326,2527.055664,779.749878,3033.419922,2492.235840,777.827026,3153.726562,2630.385010,782.938049,2672.210938,2595.527344,786.199036,2793.684082,2520.097412,744.360046,2898.469971,2527.102295,779.663879,3033.313232,2492.222412,778.014893,3153.710938,2630.132080,783.375000,2672.640137
188,1.566667,-0.000033,0.000355,0.002099,0.999998,2553.032715,774.276367,2910.339600,2595.348145,786.575562,2793.774658,2520.109131,744.375610,2898.564453,2527.067139,779.735962,3033.420898,2492.249756,777.834473,3153.728516,2630.388672,782.860413,2672.208984,2595.528564,786.150757,2793.672607,2520.094971,744.332336,2898.481201,2527.098389,779.642090,3033.316895,2492.245361,778.026489,3153.729980,2630.166504,783.279419,2672.600098
189,1.575000,-0.000014,0.000339,0.002117,0.999998,2553.054688,774.259949,2910.318359,2595.373535,786.565063,2793.755371,2520.132812,744.358337,2898.541016,2527.085205,779.713928,3033.398926,2492.263672,777.806641,3153.705566,2630.418213,782.855713,2672.190674,2595.544678,786.202942,2793.637695,2520.123047,744.321472,2898.464844,2527.101318,779.608459,3033.310059,2492.266602,777.992432,3153.702881,2630.212402,783.218506,2672.563721
190,1.583333,0.000027,0.000357,0.001881,0.999998,2553.051270,774.272095,2910.299316,2595.371826,786.566650,2793.735840,2520.114746,744.387024,2898.520752,2527.088623,779.728394,3033.381104,2492.270752,777.827820,3153.688965,2630.409912,782.850647,2672.169434,2595.537842,786.230042,2793.635254,2520.101074,744.347900,2898.449463,2527.122314,779.612000,3033.254395,2492.264160,778.016907,3153.701660,2630.203369,783.198792,2672.540527
191,1.591667,0.000008,0.000273,0.001805,0.999998,2553.026611,774.305725,2910.289795,2595.368408,786.589661,2793.732910,2520.087646,744.425171,2898.506836,2527.044434,779.770386,3033.367188,2492.206055,777.879395,3153.669189,2630.426514,782.863892,2672.172607,2595.528564,786.188232,2793.650391,2520.096436,744.405090,2898.439453,2527.084229,779.653564,3033.249756,2492.189209,778.071716,3153.654785,2630.197998,783.254333,2672.551758
192,1.600000,0.000115,0.000313,0.001662,0.999999,2553.018311,774.304932,2910.299805,2595.354248,786.601685,2793.742188,2520.069824,744.436401,2898.513184,2527.047363,779.750793,3033.380371,2492.218018,777.844055,3153.684570,2630.401855,782.891846,2672.178223,2595.503418,786.170776,2793.641357,2520.087402,744.427307,2898.457764,2527.110840,779.640381,3033.261475,2492.179932,778.028809,3153.669678,2630.168945,783.296570,2672.566650
193,1.608333,0.000079,0.000348,0.001506,0.999999,2553.026123,774.287354,2910.299561,2595.357666,786.562317,2793.737793,2520.067383,744.428223,2898.517334,2527.065674,779.750366,3033.381348,2492.244385,777.863342,3153.688477,2630.395508,782.832642,2672.171875,2595.514404,786.107910,2793.649170,2520.060791,744.397156,2898.451904,2527.105469,779.681152,3033.278809,2492.234375,778.031494,3153.670654,2630.185791,783.253418,2672.545654
194,1.616667,-0.000093,0.000334,0.000870,1.000000,2553.062256,774.194763,2910.279785,2595.412842,786.375671,2793.715332,2520.065674,744.373474,2898.506836,2527.104980,779.733154,3033.359131,2492.278076,777.931946,3153.665771,2630.448975,782.559570,2672.151367,2595.506104,785.967285,2793.619141,2520.059814,744.353943,2898.461914,2527.132080,779.747131,3033.293457,2492.267578,778.013855,3153.684814,2630.343018,782.866272,2672.369629
195,1.625000,-0.000114,0.000223,0.000967,1.000000,2553.085205,774.184937,2910.294434,2595.458984,786.369263,2793.738770,2520.096924,744.356812,2898.515381,2527.099854,779.723389,3033.367920,2492.246094,777.920410,3153.666992,2630.522949,782.554871,2672.183105,2595.514648,786.068115,2793.658691,2520.111084,744.353760,2898.462158,2527.087891,779.677917,3033.307861,2492.260498,778.026001,3153.692871,2630.447021,782.792847,2672.375000
196,1.633333,-0.000022,0.000281,0.001161,0.999999,2553.069092,774.226990,2910.299561,2595.424805,786.449158,2793.741211,2520.091309,744.388245,2898.518799,2527.095703,779.732788,3033.376953,2492.256592,777.894104,3153.679688,2630.476562,782.670715,2672.180664,2595.530762,786.146057,2793.668945,2520.079346,744.357178,2898.455566,2527.103027,779.634705,3033.271729,2492.274414,778.058167,3153.688477,2630.346436,782.962219,2672.464355
197,1.641667,-0.000047,0.000320,0.001798,0.999998,2553.043457,774.246887,2910.320557,2595.374268,786.517273,2793.758057,2520.102783,744.365540,2898.543945,2527.072754,779.725586,3033.399658,2492.245361,777.848572,3153.705078,2630.421143,782.777466,2672.195312,2595.534180,786.118958,2793.697754,2520.095703,744.330139,2898.468506,2527.096436,779.657593,3033.277832,2492.248535,778.008606,3153.698486,2630.216064,783.151794,2672.551514
198,1.650000,-0.000004,0.000353,0.002073,0.999998,2553.047607,774.264771,2910.324463,2595.364258,786.568420,2793.760498,2520.122803,744.366333,2898.547607,2527.082031,779.718689,3033.405762,2492.263672,777.812195,3153.713379,2630.405273,782.858276,2672.195068,2595.530518,786.156433,2793.715576,2520.103271,744.317932,2898.462646,2527.115234,779.630981,3033.280518,2492.272949,778.000488,3153.683594,2630.179443,783.277405,2672.598389
199,1.658333,-0.000125,0.000301,0.001675,0.999999,2553.064453,774.227356,2910.303955,2595.403076,786.469055,2793.741455,2520.116699,744.352295,2898.531006,2527.090332,779.731873,3033.381104,2492.258057,777.882202,3153.685791,2630.453369,782.701538,2672.180420,2595.537598,786.150269,2793.696533,2520.120117,744.328918,2898.460205,2527.101807,779.671509,3033.286621,2492.261230,778.014709,3153.680664,2630.285156,782.985962,2672.454102
200,1.666667,-0.000084,0.000291,0.001357,0.999999,2553.063965,774.213013,2910.303223,2595.412598,786.437561,2793.742432,2520.097656,744.359863,2898.526855,2527.090820,779.723694,3033.380371,2492.255127,777.886108,3153.683838,2630.462891,782.657959,2672.181641,2595.513428,786.029053,2793.670898,2520.108154,744.345825,2898.454590,2527.101807,779.695740,3033.297607,2492.265625,778.003113,3153.669189,2630.311523,782.995422,2672.495117
201,1.675000,-0.000093,0.000311,0.001634,0.999999,2553.026123,774.260742,2910.304199,2595.363281,786.506592,2793.741699,2520.075928,744.389099,2898.529785,2527.055176,779.759277,3033.382324,2492.225342,777.904663,3153.687500,2630.410889,782.744141,2672.179443,2595.491699,786.016052,2793.635010,2520.087158,744.375732,2898.466064,2527.075195,779.738098,3033.298096,2492.220459,778.027222,3153.683838,2630.235107,783.142883,2672.515381
202,1.683333,0.000176,0.000387,0.001300,0.999999,2553.029541,774.299622,2910.298828,2595.357178,786.579651,2793.736328,2520.057617,744.456421,2898.513428,2527.080811,779.749512,3033.383789,2492.268066,777.853577,3153.693115,2630.383789,782.859070,2672.166748,2595.509033,786.117188,2793.647217,2520.052246,744.430237,2898.462891,2527.109619,779.694336,3033.282715,2492.269775,778.007812,3153.654541,2630.176514,783.283569,2672.551270
203,1.691667,0.000327,0.000383,0.001089,0.999999,2553.025879,774.311707,2910.307861,2595.359619,786.609131,2793.749268,2520.041504,744.485901,2898.513184,2527.078613,779.735413,3033.394287,2492.263916,777.817871,3153.702881,2630.385742,782.910400,2672.178955,2595.527832,786.193604,2793.693848,2520.034180,744.458984,2898.478027,2527.109863,779.625122,3033.254150,2492.268066,778.009521,3153.646240,2630.149658,783.331726,2672.580566
204,1.700000,0.000261,0.000332,0.001136,0.999999,2553.019775,774.304871,2910.314453,2595.364014,786.590881,2793.758789,2520.039307,744.474426,2898.520508,2527.059326,779.742310,3033.397705,2492.232666,777.837341,3153.702637,2630.403076,782.879456,2672.192627,2595.531006,786.199097,2793.677246,2520.036865,744.448975,2898.472656,2527.107910,779.626892,3033.249756,2492.216309,778.026245,3153.684326,2630.168457,783.273438,2672.591553
205,1.708333,0.000251,0.000310,0.001063,0.999999,2553.029541,774.314636,2910.311035,2595.380859,786.592285,2793.757080,2520.045166,744.488770,2898.515869,2527.064453,779.758240,3033.392822,2492.232178,777.860596,3153.696533,2630.424561,782.873474,2672.192139,2595.548340,786.159546,2793.712402,2520.040527,744.462036,2898.470947,2527.089111,779.721313,3033.269531,2492.239990,777.995239,3153.636230,2630.193115,783.271729,2672.578857
206,1.716667,0.000155,0.000290,0.000511,1.000000,2553.054443,774.267212,2910.281738,2595.423584,786.475708,2793.726807,2520.037598,744.475464,2898.491211,2527.090576,779.763062,3033.361328,2492.251465,777.927002,3153.664062,2630.468018,782.694824,2672.164307,2595.519775,786.134033,2793.678467,2520.060059,744.473145,2898.429443,2527.094727,779.743958,3033.281738,2492.256348,778.018372,3153.649170,2630.325195,782.962891,2672.419922
207,1.725000,0.000096,0.000263,0.000662,1.000000,2553.069336,774.252686,2910.298340,2595.441406,786.460205,2793.744385,2520.062256,744.449585,2898.509521,2527.097168,779.755249,3033.375977,2492.252197,777.922913,3153.677002,2630.493408,782.675598,2672.184326,2595.554443,786.065063,2793.695068,2520.077637,744.438904,2898.444580,2527.103760,779.726440,3033.299805,2492.260254,778.036743,3153.650879,2630.334473,782.997437,2672.465332
208,1.733333,0.000101,0.000332,0.000886,1.000000,2553.062012,774.223572,2910.314941,2595.412598,786.451111,2793.755371,2520.066406,744.405884,2898.530518,2527.104492,779.713379,3033.396484,2492.276611,777.864319,3153.702148,2630.449463,782.683228,2672.190186,2595.536621,785.923767,2793.660156,2520.098389,744.408203,2898.465820,2527.130615,779.630249,3033.289551,2492.260254,778.037292,3153.705566,2630.253418,783.126343,2672.540527
209,1.741667,0.000149,0.000335,0.001173,0.999999,2553.037598,774.243530,2910.316162,2595.380371,786.506531,2793.757324,2520.059326,744.408020,2898.529053,2527.077637,779.706665,3033.398438,2492.251953,777.826111,3153.704102,2630.418701,782.770447,2672.191895,2595.534912,785.980774,2793.685547,2520.079102,744.397644,2898.462891,2527.074707,779.656006,3033.306885,2492.266846,777.979980,3153.664062,2630.198242,783.227295,2672.574951
210,1.750000,-0.000020,0.000309,0.001786,0.999998,2553.036621,774.281921,2910.317627,2595.370605,786.557556,2793.757080,2520.095703,744.401978,2898.538818,2527.063721,779.754700,3033.396484,2492.233643,777.871948,3153.701416,2630.419678,782.823486,2672.194580,2595.552246,786.122131,2793.710938,2520.083984,744.354797,2898.438477,2527.093750,779.706360,3033.292725,2492.236084,778.030762,3153.678223,2630.182373,783.238098,2672.583252
211,1.758333,-0.000032,0.000328,0.002071,0.999998,2553.043701,774.280273,2910.309814,2595.365967,786.577271,2793.747070,2520.119141,744.381226,2898.532959,2527.072021,779.741150,3033.389648,2492.247803,777.841431,3153.695557,2630.412842,782.860291,2672.183594,2595.537598,786.188538,2793.677002,2520.104248,744.332458,2898.428223,2527.087646,779.689148,3033.298340,2492.260254,777.996216,3153.683350,2630.197754,783.236633,2672.564697
212,1.766667,-0.000071,0.000333,0.002315,0.999997,2553.051025,774.286682,2910.303711,2595.366211,786.595337,2793.739746,2520.141113,744.370789,2898.529541,2527.077881,779.744385,3033.383301,2492.255615,777.836914,3153.689941,2630.413818,782.886108,2672.176025,2595.533691,786.211548,2793.657471,2520.114990,744.313049,2898.423096,2527.103027,779.704712,3033.302246,2492.264893,777.984741,3153.680176,2630.211182,783.257812,2672.552979
213,1.775000,-0.000159,0.000345,0.002497,0.999997,2553.056641,774.274841,2910.295410,2595.364746,786.578247,2793.728271,2520.157227,744.344788,2898.527344,2527.084473,779.744873,3033.374756,2492.265869,777.846069,3153.682129,2630.410645,782.860168,2672.164551,2595.547119,786.131531,2793.664307,2520.145264,744.291565,2898.398926,2527.101318,779.722900,3033.289551,2492.277588,777.988464,3153.671387,2630.172852,783.282166,2672.577881
214,1.783333,-0.000145,0.000292,0.002162,0.999998,2553.047607,774.268738,2910.280029,2595.376221,786.547180,2793.717529,2520.129395,744.361084,2898.507324,2527.066162,779.752686,3033.356689,2492.233643,777.873779,3153.660645,2630.432617,782.809143,2672.157227,2595.536865,786.050720,2793.656250,2520.126709,744.318970,2898.383301,2527.093506,779.731323,3033.265869,2492.236328,778.017761,3153.655518,2630.207031,783.257568,2672.561523
215,1.791667,-0.000202,0.000294,0.002180,0.999998,2553.057861,774.257996,2910.263672,2595.385742,786.524536,2793.699951,2520.140625,744.347900,2898.494629,2527.076416,779.755188,3033.339844,2492.244385,777.888916,3153.644043,2630.441650,782.773743,2672.139893,2595.535645,786.048462,2793.633057,2520.156738,744.318909,2898.360596,2527.094971,779.661865,3033.241211,2492.243652,778.086731,3153.663574,2630.217529,783.224731,2672.536621
216,1.800000,-0.000229,0.000267,0.001443,0.999999,2553.081055,774.191528,2910.253906,2595.433350,786.389343,2793.691895,2520.120361,744.329285,2898.484619,2527.101318,779.733521,3033.328369,2492.260010,777.924988,3153.630615,2630.490234,782.580383,2672.133789,2595.533447,786.038208,2793.627686,2520.134277,744.310913,2898.382324,2527.116455,779.664368,3033.238037,2492.250732,778.072083,3153.693359,2630.360107,782.878235,2672.371582
217,1.808333,-0.000122,0.000252,0.001341,0.999999,2553.100098,774.185913,2910.289551,2595.458252,786.400146,2793.731201,2520.133789,744.332886,2898.512939,2527.117676,779.706848,3033.364258,2492.272705,777.879578,3153.665283,2630.518066,782.610107,2672.173584,2595.568848,786.043945,2793.667480,2520.124756,744.291931,2898.397705,2527.134766,779.667053,3033.286377,2492.281006,778.014771,3153.692139,2630.376953,782.927185,2672.465088
218,1.816667,-0.000095,0.000259,0.001828,0.999998,2553.082764,774.210754,2910.312988,2595.427246,786.472351,2793.754639,2520.145508,744.326294,2898.535156,2527.096436,779.699890,3033.388428,2492.254639,777.832336,3153.689697,2630.489014,782.722961,2672.196045,2595.570557,786.095764,2793.708252,2520.143311,744.287476,2898.422852,2527.129395,779.644592,3033.308838,2492.249756,777.983398,3153.681152,2630.292969,783.071838,2672.526855
219,1.825000,-0.000136,0.000317,0.002278,0.999997,2553.064453,774.208252,2910.338135,2595.384277,786.498535,2793.773926,2520.152588,744.293213,2898.566650,2527.087646,779.683960,3033.416260,2492.261719,777.794861,3153.721924,2630.435547,782.770752,2672.211670,2595.546875,786.103577,2793.717529,2520.154297,744.253906,2898.446045,2527.105957,779.593872,3033.334961,2492.263184,777.980286,3153.720703,2630.219971,783.153687,2672.565674
220,1.833333,-0.000256,0.000301,0.002471,0.999997,2553.049072,774.238342,2910.340332,2595.368164,786.517029,2793.774658,2520.149170,744.307739,2898.574707,2527.066162,779.733582,3033.416016,2492.236816,777.859924,3153.721191,2630.424805,782.773621,2672.214600,2595.528564,786.082397,2793.698242,2520.143555,744.260620,2898.442871,2527.101807,779.654053,3033.332275,2492.230713,778.048462,3153.730469,2630.203369,783.199829,2672.608398
221,1.841667,-0.000198,0.000253,0.002285,0.999997,2553.046143,774.265076,2910.317383,2595.380859,786.541443,2793.757080,2520.136475,744.348083,2898.545410,2527.053711,779.755676,3033.391357,2492.212402,777.880981,3153.692627,2630.447510,782.799133,2672.199707,2595.548340,786.071167,2793.696045,2520.138184,744.308228,2898.421387,2527.110352,779.669556,3033.300293,2492.184570,778.076660,3153.698486,2630.207520,783.248962,2672.581787
222,1.850000,-0.000149,0.000290,0.001698,0.999999,2553.083496,774.222656,2910.312988,2595.423828,786.460815,2793.750732,2520.137451,744.345520,2898.540527,2527.106445,779.731750,3033.389404,2492.271729,777.886230,3153.693115,2630.477295,782.689148,2672.190430,2595.559326,786.165344,2793.694580,2520.125732,744.306458,2898.453125,2527.127686,779.678711,3033.318604,2492.266846,778.017822,3153.710205,2630.327881,782.957458,2672.431152
223,1.858333,-0.000100,0.000232,0.001467,0.999999,2553.072510,774.220520,2910.314941,2595.432373,786.450500,2793.758789,2520.114258,744.359802,2898.535645,2527.083740,779.729553,3033.389160,2492.233887,777.888245,3153.688477,2630.498047,782.674622,2672.202393,2595.557373,786.114563,2793.675781,2520.103271,744.322754,2898.450195,2527.134521,779.665771,3033.297607,2492.212402,778.035095,3153.715576,2630.338867,782.984741,2672.494873
224,1.866667,-0.000014,0.000304,0.001594,0.999999,2553.062500,774.254761,2910.300781,2595.402344,786.515564,2793.740723,2520.110107,744.387634,2898.521240,2527.090088,779.735962,3033.379395,2492.258057,777.865173,3153.683594,2630.451416,782.769531,2672.178467,2595.557861,786.094299,2793.671143,2520.105469,744.349854,2898.421631,2527.127197,779.687683,3033.271484,2492.243164,778.015808,3153.712158,2630.254883,783.147766,2672.508057
225,1.875000,0.000116,0.000367,0.001582,0.999999,2553.043213,774.291138,2910.294922,2595.368408,786.581299,2793.732666,2520.088379,744.427917,2898.511963,2527.086426,779.740967,3033.378418,2492.269775,777.839722,3153.686523,2630.402100,782.866028,2672.165039,2595.533447,786.169067,2793.681641,2520.068115,744.373840,2898.399902,2527.100586,779.697693,3033.263672,2492.291748,777.994080,3153.678955,2630.189453,783.265442,2672.566162
226,1.883333,-0.000077,0.000281,0.001549,0.999999,2553.048828,774.257080,2910.275391,2595.395020,786.499329,2793.715820,2520.094238,744.391418,2898.498047,2527.071289,779.756165,3033.352051,2492.233643,777.903748,3153.655029,2630.449463,782.734680,2672.155518,2595.515869,786.188416,2793.703613,2520.093262,744.359314,2898.406738,2527.115723,779.686218,3033.239502,2492.220947,778.048767,3153.658447,2630.281738,783.019897,2672.426270
227,1.891667,-0.000193,0.000249,0.001970,0.999998,2553.056396,774.260986,2910.296875,2595.399902,786.512024,2793.737061,2520.127686,744.364929,2898.524170,2527.066406,779.766663,3033.370850,2492.222900,777.912598,3153.671631,2630.465332,782.748901,2672.180176,2595.522461,786.188904,2793.687256,2520.139160,744.335083,2898.397461,2527.100830,779.705078,3033.277832,2492.208008,778.055054,3153.704834,2630.289062,783.042969,2672.481201
228,1.900000,-0.000293,0.000207,0.001690,0.999999,2553.075195,774.224609,2910.281494,2595.435059,786.428528,2793.722656,2520.130615,744.344604,2898.512207,2527.077637,779.769470,3033.351807,2492.223145,777.959045,3153.650635,2630.508545,782.621399,2672.169434,2595.535156,786.134521,2793.695312,2520.145264,744.315491,2898.366211,2527.105469,779.705444,3033.290527,2492.203125,778.100586,3153.712891,2630.376465,782.874146,2672.373779
229,1.908333,-0.000261,0.000278,0.001892,0.999998,2553.077148,774.214661,2910.278564,2595.415771,786.443115,2793.714600,2520.143311,744.322144,2898.511963,2527.094971,779.741272,3033.353027,2492.258057,777.909180,3153.656494,2630.473633,782.657837,2672.156006,2595.531006,786.053406,2793.683594,2520.147217,744.285339,2898.373291,2527.088379,779.719971,3033.287109,2492.284180,778.034424,3153.664307,2630.320557,782.987732,2672.452148
230,1.916667,-0.000463,0.000333,0.003105,0.999995,2553.057373,774.206482,2910.302734,2595.353516,786.490540,2793.729004,2520.194824,744.229370,2898.551758,2527.075195,779.719666,3033.377930,2492.255859,777.851501,3153.685791,2630.406982,782.741333,2672.168213,2595.517334,786.029358,2793.688232,2520.145752,744.146057,2898.419922,2527.105225,779.678223,3033.285156,2492.277832,778.030334,3153.682129,2630.218018,783.192383,2672.544434
231,1.925000,-0.000277,0.000350,0.002940,0.999996,2553.044678,774.271973,2910.320312,2595.340576,786.585571,2793.749756,2520.171631,744.309998,2898.559326,2527.068848,779.747864,3033.398438,2492.253174,777.846313,3153.707031,2630.388428,782.870117,2672.186279,2595.517334,786.091614,2793.709717,2520.164062,744.250305,2898.385010,2527.086914,779.715271,3033.313965,2492.267578,778.012634,3153.709473,2630.141602,783.341980,2672.622803
232,1.933333,-0.000036,0.000343,0.002444,0.999997,2553.033936,774.286316,2910.328613,2595.343506,786.613953,2793.764648,2520.131348,744.362732,2898.552979,2527.061768,779.728882,3033.409180,2492.242676,777.804199,3153.716064,2630.389648,782.922058,2672.199951,2595.502197,786.146240,2793.718018,2520.135010,744.321411,2898.413330,2527.109375,779.661438,3033.319824,2492.232666,777.985535,3153.697021,2630.138184,783.376953,2672.633301
233,1.941667,-0.000248,0.000331,0.002810,0.999996,2553.032471,774.236572,2910.334229,2595.336182,786.545837,2793.766357,2520.152100,744.283936,2898.570557,2527.053467,779.712158,3033.411621,2492.232666,777.812927,3153.718750,2630.387695,782.828125,2672.204102,2595.517334,786.060669,2793.703369,2520.106445,744.200073,2898.428711,2527.126465,779.635559,3033.314697,2492.217041,778.027832,3153.723389,2630.152100,783.333801,2672.633301
234,1.950000,-0.000262,0.000304,0.002780,0.999996,2553.039551,774.230103,2910.324219,2595.350342,786.533630,2793.758057,2520.157959,744.279114,2898.559570,2527.053955,779.710571,3033.400391,2492.226562,777.816711,3153.705322,2630.408447,782.810608,2672.197754,2595.508301,786.044800,2793.690918,2520.170410,744.242188,2898.407227,2527.080078,779.663696,3033.324951,2492.224609,777.981873,3153.705811,2630.166748,783.267273,2672.624268
235,1.958333,-0.000160,0.000323,0.002538,0.999997,2553.035156,774.270935,2910.313721,2595.347656,786.577637,2793.748291,2520.138672,744.338196,2898.543945,2527.057129,779.739075,3033.391602,2492.233398,777.837646,3153.697754,2630.399170,782.862244,2672.185791,2595.494141,786.121277,2793.695312,2520.137695,744.293396,2898.400879,2527.110596,779.694153,3033.316895,2492.217529,777.999084,3153.687256,2630.171875,783.289673,2672.584961
236,1.966667,-0.000397,0.000292,0.003154,0.999995,2553.015625,774.256165,2910.326416,2595.320068,786.559814,2793.757812,2520.156738,744.277344,2898.568848,2527.023193,779.750549,3033.400391,2492.194092,777.863098,3153.705078,2630.384033,782.830200,2672.199463,2595.490234,786.073792,2793.727783,2520.108643,744.191895,2898.427490,2527.077881,779.746521,3033.322021,2492.197021,778.013916,3153.684814,2630.172119,783.290894,2672.587158
237,1.975000,-0.000285,0.000261,0.002741,0.999996,2553.033447,774.259583,2910.307373,2595.354980,786.554382,2793.744385,2520.150635,744.310486,2898.541260,2527.037598,779.747864,3033.380859,2492.199707,777.862244,3153.682861,2630.423584,782.822937,2672.187256,2595.509521,786.046692,2793.737061,2520.151367,744.258484,2898.367676,2527.094727,779.683899,3033.296387,2492.187988,778.055359,3153.664795,2630.173584,783.303894,2672.606201
238,1.983333,-0.000113,0.000323,0.002268,0.999997,2553.054443,774.265381,2910.316650,2595.373047,786.560181,2793.752441,2520.141846,744.351562,2898.544434,2527.079346,779.735962,3033.395264,2492.254639,777.842041,3153.701416,2630.422607,782.837341,2672.189697,2595.541260,786.147461,2793.735840,2520.126465,744.295715,2898.413330,2527.092529,779.679993,3033.299805,2492.280273,778.011353,3153.666748,2630.194336,783.243286,2672.589111
239,1.991667,-0.000022,0.000331,0.001727,0.999998,2553.054688,774.265381,2910.318848,2595.384521,786.535645,2793.756348,2520.109375,744.389343,2898.541504,2527.087402,779.741699,3033.398926,2492.262939,777.863586,3153.705078,2630.427979,782.796936,2672.192139,2595.538818,786.081787,2793.731445,2520.113281,744.349976,2898.410156,2527.139893,779.655884,3033.286133,2492.248535,778.055725,3153.697754,2630.189697,783.232056,2672.587891
240,2.000000,-0.000034,0.000305,0.001698,0.999999,2553.044678,774.281738,2910.310791,2595.381836,786.546570,2793.750000,2520.098389,744.407288,2898.532471,2527.071533,779.762573,3033.389404,2492.240479,777.889404,3153.693604,2630.431396,782.802856,2672.187744,2595.528809,786.043884,2793.734863,2520.109863,744.375610,2898.404785,2527.096436,779.673340,3033.260498,2492.248291,778.088562,3153.685791,2630.197998,783.273987,2672.599854
241,2.008333,0.000032,0.000336,0.001721,0.999998,2553.039551,774.293701,2910.323730,2595.368896,786.575989,2793.761963,2520.093994,744.419312,2898.543457,2527.073730,779.757019,3033.404297,2492.250000,777.866333,3153.710693,2630.411133,782.850037,2672.197021,2595.533203,786.096863,2793.741699,2520.085938,744.373230,2898.427490,2527.117432,779.682068,3033.276367,2492.248047,778.056091,3153.696045,2630.170654,783.312073,2672.606445
242,2.016667,0.000057,0.000315,0.001794,0.999998,2553.026367,774.284424,2910.352539,2595.358643,786.578796,2793.793213,2520.085693,744.405823,2898.569336,2527.054688,779.737732,3033.432373,2492.226318,777.835815,3153.737305,2630.406494,782.864014,2672.229492,2595.525146,786.176941,2793.746338,2520.077148,744.359192,2898.454590,2527.098389,779.619873,3033.327881,2492.217041,778.049438,3153.732422,2630.177979,783.275146,2672.604980
243,2.025000,-0.000041,0.000296,0.001950,0.999998,2553.020752,774.301147,2910.343262,2595.353516,786.585938,2793.783203,2520.089844,744.409912,2898.564697,2527.042480,779.770508,3033.421143,2492.210205,777.881348,3153.724854,2630.407227,782.858337,2672.221680,2595.507080,786.205627,2793.739746,2520.080322,744.365479,2898.457764,2527.089111,779.653687,3033.314453,2492.199951,778.087830,3153.716553,2630.193359,783.245239,2672.581543
244,2.033333,0.000068,0.000315,0.001841,0.999998,2553.034668,774.287476,2910.324463,2595.365723,786.588257,2793.765625,2520.096680,744.406006,2898.540771,2527.062500,779.735718,3033.404785,2492.234375,777.828003,3153.709473,2630.414062,782.879395,2672.201904,2595.517090,786.195190,2793.699951,2520.104004,744.380493,2898.453125,2527.083740,779.647827,3033.303467,2492.232422,777.999939,3153.704834,2630.209229,783.246887,2672.547607
245,2.041667,0.000106,0.000306,0.001559,0.999999,2553.038818,774.297241,2910.290283,2595.378906,786.582947,2793.732910,2520.084473,744.435181,2898.503662,2527.067383,779.750854,3033.370361,2492.236084,777.853699,3153.674316,2630.427002,782.863525,2672.169434,2595.528076,786.167053,2793.670410,2520.089111,744.413147,2898.437988,2527.101562,779.662476,3033.267578,2492.229004,778.027344,3153.640137,2630.213135,783.253601,2672.529785
246,2.050000,0.000122,0.000344,0.001324,0.999999,2553.022705,774.311829,2910.309814,2595.359619,786.581482,2793.749512,2520.053223,744.465759,2898.524658,2527.063232,779.773682,3033.391846,2492.239990,777.889038,3153.698730,2630.396729,782.849426,2672.183594,2595.482422,786.069519,2793.650879,2520.075684,744.462219,2898.463867,2527.080322,779.693298,3033.290771,2492.240234,778.060547,3153.678955,2630.201416,783.295227,2672.563965
247,2.058333,0.000354,0.000384,0.000868,1.000000,2553.028809,774.340942,2910.315674,2595.367676,786.625854,2793.757812,2520.031250,744.530396,2898.519531,2527.084229,779.769470,3033.402588,2492.269043,777.860901,3153.711182,2630.391846,782.918152,2672.187256,2595.498535,786.112732,2793.679688,2520.040283,744.518616,2898.474121,2527.112305,779.732117,3033.298340,2492.270752,778.000488,3153.659424,2630.184082,783.366943,2672.582520
248,2.066667,0.000371,0.000363,0.000081,1.000000,2553.041992,774.260925,2910.288818,2595.404785,786.483093,2793.733154,2519.997803,744.502747,2898.490234,2527.100830,779.726196,3033.374756,2492.277832,777.868408,3153.681641,2630.427979,782.724365,2672.163818,2595.500732,786.127014,2793.680176,2520.020020,744.507996,2898.461426,2527.104736,779.708984,3033.294922,2492.281494,777.954407,3153.648193,2630.288818,782.997070,2672.405273
249,2.075000,,,,,,,,,,,,,,,,,,,,,,,,,,,,,,,,,,,,,
